listing_id,title,cluster_name_ko,room_type,property_type,person_capacity,bedrooms,beds,bathrooms,amenity_count,predicted_nightly_price_usd,predicted_price_per_person_usd,actual_nightly_price_usd,actual_price_per_person_usd,predicted_ln_nightly_price,actual_ln_nightly_price
1754876128216404138,[NEW] Hannam | No Hills · 5 min Station | Private,도심 핵심권,Entire home/apt,Entire home,6.0,2.0,3.0,1.0,30.0,146.63789510901933,24.439649184836554,151.8,25.3,4.987966249289171,5.02256386496153
1755752500357534817,[Grand NEW] Coex Mall 1m/Starfield Lib 2m/Premium,동남권,Entire home/apt,Entire rental unit,10.0,4.0,7.0,2.0,53.0,518.7304331098084,51.87304331098083,525.4,52.54,6.251384351527124,6.26415987725144
45523430,"Traditional Hanok Dongchon House
(1 team only/free breakfast/free parking)",도심 핵심권,Entire home/apt,Entire home,7.0,4.0,,1.5,54.0,386.7701249169998,55.25287498814283,341.4,48.771428571428565,5.957830524083836,5.83305481036034
1476367761079153980,ss202 -1,서북권,Private room,Private room in rental unit,2.0,,1.0,,8.0,292.7275492407754,146.3637746203877,901.4,450.7,5.679242310350982,6.803949110256548
1064146806902018388,"Kotaro House A, B (Whole floor use) Basic capacity of 15 people (maximum 16).",서북권,Entire home/apt,Entire home,15.0,7.0,11.0,7.0,15.0,532.9578108861905,35.53052072574603,502.8,33.52,6.278442266973316,6.220192476716092
1613560295592925212,"114 m² / Balcony / Gangnam-gu Office Station 2 minutes / Apgujeong, Cheongdam, Seolleung, COEX, Gangnam / Convenience store 1 minute / Parking, luggage storage / Pick-up",동남권,Entire home/apt,Entire rental unit,10.0,3.0,5.0,2.0,50.0,360.4747736763699,36.04747736763699,502.4,50.239999999999995,5.887421978344174,6.219396615153989
1752793005953310297,"Haramjae

[NEW] Haramjae (賀嵐) means a house where happy winds stay.",도심 핵심권,Entire home/apt,Entire home,8.0,3.0,4.0,2.0,32.0,351.63590184203514,43.95448773025439,241.0,30.125,5.86259627050156,5.484796933490655
1665750486254853343,"New Dulian Haus 1 | 5 bedrooms, 4 bathrooms · Family accommodation for up to 12 people with a terrace",서북권,Entire home/apt,Entire home,12.0,5.0,6.0,4.0,47.0,352.7375995930923,29.394799966091025,533.4,44.449999999999996,5.865724436587291,6.279271611747914
12196747,2026 Renew | 3 minutes from Hongik University Station ｜ Room 4 · Bathroom 3 Large Accommodation for up to 12 people ｜ Family · Group ｜ Terrace,서북권,Entire home/apt,Entire rental unit,12.0,4.0,5.0,3.0,54.0,473.61911555222827,39.46825962935235,597.0,49.75,6.160403444985475,6.391917113392602
54110397,(181 Square ㎡) 6 Rooms & 4 Bathrooms @ Hongik Uni Station Exit 4 & 6,서북권,Entire home/apt,Entire home,16.0,6.0,11.0,4.0,37.0,492.0195904579925,30.75122440362453,518.6,32.4125,6.198518533703642,6.251132873104564
1751841624668646476,Family Hanok in Bukchon | Kids’ Playroom & 2 Baths,도심 핵심권,Entire home/apt,Entire home,6.0,3.0,2.0,2.0,9.0,452.60032073807383,75.43338678967898,501.8,83.63333333333334,6.1150094418559995,6.218201633932322
1654935532656348918,[Grand open] 4 minutes on foot from the subway/large family groups/quiet accommodation/R5B8T3/DDP Myeong-dong,북동 외곽권,Entire home/apt,Entire home,12.0,5.0,8.0,3.0,40.0,402.40317526564564,33.5335979388038,666.8,55.56666666666666,5.997454509573596,6.502490150876639
1633208163229146759,"4 Queen Beds Seoul, suitable for groups of 8 people, Gangnam Station, Seonreung Station, 2025 luxury new building",동남권,Entire home/apt,Entire rental unit,8.0,4.0,4.0,2.0,65.0,480.4481178888694,60.05601473610867,636.8,79.6,6.174719247323304,6.456455634530173
1692616636880824240,Newly opened SALE/3 rooms/Sinjeong Station/Gimpo Airport/Hongik University Station/Seoul Station/Gwanghwamun/Yeouido/Free parking,서남권,Entire home/apt,Entire home,10.0,3.0,4.0,1.0,54.0,168.5544559338298,16.855445593382978,53.8,5.38,5.1272588781970105,3.9852734671677386
1757075675991794342,[New] 2 minutes on foot to Sindang Station on Lines 2 and 6 | All wooden ceilings and walls | Gatherings with friends and family | Discount for consecutive nights,도심 핵심권,Entire home/apt,Entire home,8.0,2.0,3.0,1.0,31.0,231.48138085847467,28.935172607309333,116.0,14.5,5.444499442034634,4.7535901911063645
1742724428133247368,New 20% discount/Jongno 3-ga·Anguk Station/Bukchon·Ikseon-dong·Changdeokgung 5 minutes/2 people·2 beds/Elevator/509,도심 핵심권,Private room,Room in hotel,2.0,,2.0,,32.0,146.95822668168628,73.47911334084314,102.0,51.0,4.9901483741607295,4.624972813284271
1720243006329728906,[Private house for 8 people · 3 rooms · 2 bathrooms] 2 minutes to Bulgwang Station · Airport bus | Spacious dining room · Modern hanok | Parking OK,서북권,Entire home/apt,Entire home,8.0,3.0,4.0,2.0,44.0,296.67955061311756,37.084943826639694,110.8,13.85,5.692652602148043,4.707726774313183
1409988354754319847,Better Place. Sindang 402,도심 핵심권,Entire home/apt,Entire serviced apartment,3.0,1.0,2.0,1.0,33.0,186.41368021020125,62.13789340340042,241.0,80.33333333333333,5.227968291244082,5.484796933490655
876847003304255384,"Seounjae, Hanok Private House, 3 minutes from Anguk Station",도심 핵심권,Entire home/apt,Entire home,11.0,4.0,6.0,3.0,36.0,675.7527521700771,61.43206837909792,505.6,45.96363636363637,6.515827257911973,6.225745842832648
1416189545545912470,[SALE] Huge 4BR House near Hoegi St / Home Theater,북동 외곽권,Entire home/apt,Entire home,16.0,4.0,8.0,2.0,41.0,421.10274342454414,26.31892146403401,623.0,38.9375,6.042876850047026,6.434546518787453
1508461013423987374,200sqm 4room+3br hongdae main area elevator,서북권,Entire home/apt,Entire home,16.0,4.0,7.0,3.0,17.0,397.0544990751431,24.815906192196444,520.0,32.5,5.9840735485328915,6.253828811575473
1419426857631832986,Buchon Hanok Village Hakminjae,도심 핵심권,Entire home/apt,Entire home,4.0,3.0,,2.0,33.0,506.7932619179386,126.69831547948465,523.4,130.85,6.228103153011202,6.260345990096045
1389098191736364836,Seoul Station 105#Seoul Station 4-minute walk#Luggage storage#Namsan Tower observation rooftop#Cozy accommodation#Solo travelers,도심 핵심권,Private room,Room in hotel,1.0,1.0,1.0,1.0,31.0,45.02860740054753,45.02860740054753,47.6,47.6,3.8072980077981193,3.8628327612373745
1668882107424978990,~Female Only~ Capsule [B],서북권,Private room,Private room in home,1.0,,1.0,,26.0,27.74003715193784,27.74003715193784,26.2,26.2,3.322876754176987,3.265759410767051
1643169932623682545,Room 102 (Baoshe House),도심 핵심권,Private room,Private room in home,1.0,,1.0,,12.0,32.34248693973767,32.34248693973767,30.8,30.8,3.476381750998682,3.427514689979529
1219410616653503106,A Cozy room 1(private bathroom),서남권,Private room,Private room in home,1.0,,1.0,,22.0,39.60029960363613,39.60029960363613,41.4,41.4,3.678836683980202,3.7232808808312687
1599030616831274220,Luxury Cityview Family 3 minutes from Hongdae Station. Perfect accommodation for a group of friends / Stand-alone toilet [Elevator],서북권,Entire home/apt,Entire rental unit,8.0,3.0,4.0,1.0,62.0,294.32120465017783,36.79015058127223,268.2,33.525,5.684671703782767,5.591732970847578
1434657410051385910,Myeongdong Hithere city Single Room,도심 핵심권,Private room,Room in hotel,1.0,,1.0,,49.0,59.129993497303126,59.129993497303126,88.8,88.8,4.079738299859844,4.486386649998124
1722494172651709827,Neat City Relaxation Sunset 35/Hongdae/Yeouido65,서남권,Private room,Room in hotel,2.0,,1.0,,43.0,74.74702105854767,37.37351052927384,69.4,34.7,4.3141093594171185,4.239886867512759
25824222,STAY256 Hanok Guesthouse_RM7,도심 핵심권,Private room,Private room in home,1.0,,1.0,,31.0,59.42162501437294,59.42162501437294,82.2,82.2,4.08465821759678,4.409155302062135
970103972927629354,#1207 Seoul Station/7 minutes on foot/Women's Only Share House,도심 핵심권,Private room,Private room in home,1.0,,1.0,,40.0,37.324079274595356,37.324079274595356,42.0,42.0,3.6196386753271708,3.7376696182833684
956003236993165033,"Clara House Rm #04(1F), Seoul Stn. - 1 single",도심 핵심권,Private room,Private room in home,1.0,,1.0,,51.0,38.28521052279244,38.28521052279244,33.6,33.6,3.6450636733822117,3.5145260669691587
569974858723954872,"[Rest, 720] Panoramic View | MRT 3 lines | High Floor | City View | Chungmuro Station 3 minutes | Airport Bus",도심 핵심권,Entire home/apt,Entire serviced apartment,2.0,1.0,1.0,1.0,50.0,154.61413584641735,77.30706792320868,149.8,74.9,5.0409325669437575,5.00930107108312
1391734169608974564,Stay Moment #408 City Hall 3 minutes Nammun Gate 5 minutes Myeongdong 10 minutes,도심 핵심권,Private room,Room in hotel,1.0,1.0,1.0,1.0,35.0,55.60239923472688,55.60239923472688,66.0,66.0,4.01822635202925,4.189654742026425
1759823832756911093,Archifive,도심 핵심권,Entire home/apt,Entire home,6.0,2.0,4.0,3.0,18.0,434.2164580881722,72.36940968136203,587.4,97.89999999999999,6.073543161120523,6.37570601876452
1480974407100779741,"[Shim, 215] Twin beds/3 people/Water purifier/Myeongdong/High floor/Bidet",도심 핵심권,Entire home/apt,Entire rental unit,3.0,1.0,2.0,1.0,43.0,151.4893728057464,50.496457601915466,127.6,42.53333333333333,5.02051547599232,4.848900370910689
1491201412163248685,"[Rest, 610] MRT 3line l Airport Bus l Modern",도심 핵심권,Entire home/apt,Entire rental unit,2.0,1.0,1.0,1.0,43.0,158.6508197897283,79.32540989486415,129.2,64.6,5.066705685300621,4.861361591348501
1581716997316320270,"New special offer, 2-minute walk to Sangsu Station / Private terrace, Seoul night view / Recommended for long-term stays",서북권,Entire home/apt,Entire home,3.0,2.0,1.0,1.0,41.0,114.06560472428157,38.02186824142719,103.4,34.46666666666667,4.7367737629069175,4.638604962074329
1726698904470801621,Jongno/Ikseon/Changdeokgung/3 Single Beds/ Room402,도심 핵심권,Private room,Room in hotel,3.0,,3.0,,24.0,206.863881962441,68.95462732081367,75.8,25.266666666666666,5.332061001907391,4.328098292648326
1451297322231858365,"[03] Perfect urban getaway｜Private bathroom, luggage storage, washing machine, contactless",도심 핵심권,Private room,Private room in serviced apartment,2.0,1.0,1.0,1.0,41.0,135.46692601461135,67.73346300730567,113.2,56.6,4.908727522072268,4.729156165769083
1740186915765664035,"Cheonho Station 5 minutes_Quiet rest in Seoul, Stay Calm",동남권,Entire home/apt,Entire home,4.0,2.0,2.0,1.0,27.0,115.21818827776228,28.80454706944057,64.8,16.2,4.746827620154943,4.1713056033582285
1740186523872451836,(3+1 people) Reasonable accommodation feeㅣEunpyeong-gu Line 6 Saejel Station Forest area (2 minutes by bus) [Mr. Mansion],서북권,Entire home/apt,Entire home,3.0,2.0,2.0,1.0,29.0,64.47021015094494,21.49007005031498,67.4,22.46666666666667,4.166203258987527,4.210645017918261
1761414548330297934,[New Open] Stay in EV2 #Hongdae Station #Hongdae #Hapjeong Station #Sinchon Station #Hongdae Entrance Station #Incheon Airport 1HR,서북권,Entire home/apt,Entire home,2.0,2.0,2.0,1.0,27.0,108.0952250272961,54.04761251364805,70.0,35.0,4.6830125518591625,4.248495242049359
973711312382436451,Sosayeok 7 minutes designer's duplex space # structure not like Korea,서남권,Entire home/apt,Entire home,3.0,2.0,2.0,1.0,35.0,71.6554542667924,23.885151422264133,79.6,26.53333333333333,4.271869275128379,4.377014092850337
24841067,PIPE Hostel Myeongdong - 303,도심 핵심권,Private room,Room in aparthotel,2.0,1.0,1.0,1.0,36.0,127.98195973286384,63.99097986643192,94.6,47.3,4.851889314399699,4.549657476057832
1330801410973572818,Myeong dong Jongno NaNa home #12(luggage storage),도심 핵심권,Entire home/apt,Entire rental unit,2.0,1.0,1.0,1.0,38.0,153.72649161979757,76.86324580989879,79.6,39.8,5.0351749949623885,4.377014092850337
1442616724728575567,dadamiso(Time Filled with Smiles),도심 핵심권,Entire home/apt,Entire home,4.0,2.0,2.0,1.0,36.0,145.1892629037195,36.29731572592988,83.4,20.85,4.978038152712405,4.423648309364701
1136646519582090207,"Myeongdong ""Cozy Shelter""/LookHome Single Room # Namsan Tower",도심 핵심권,Private room,Room in hotel,1.0,1.0,1.0,1.0,23.0,90.3088603297486,90.3088603297486,80.8,80.8,4.503235576647576,4.39197696552705
1411542279906860028,"Yongsan, Gangnam, Myeong-dong, Jongno 20 minutes | 8-minute walk from Sadang Station on Lines 2 and 4 | Central Seoul #MisterMansion",서남권,Entire home/apt,Entire rental unit,3.0,1.0,2.0,1.0,30.0,80.89807977930042,26.96602659310014,81.2,27.066666666666666,4.393190088050987,4.396915247167632
1741090792932059957,Seoul Station 10 minutes on foot/Gongdeok Station/Myeongdong/Hongdae/KTX/Airport Railroad/1st floor/Luggage storage/Early check-in/Concert,도심 핵심권,Entire home/apt,Entire home,4.0,2.0,2.0,1.0,30.0,125.40842487398244,31.35210621849561,85.2,21.3,4.831575809945126,4.44500143383527
1448082434845497389,"[05] Gyeongbokgung Palace, Insa-dong, and Myeong-dong Walking Tour | Private bathroom + luggage storage + washing machine + contactless check-in",도심 핵심권,Private room,Private room in serviced apartment,2.0,1.0,2.0,1.0,38.0,146.3515784127229,73.17578920636144,96.4,48.2,4.986011798270872,4.5685062016165
1148021936650747093,"Hongdae Prosperous Street, 5 minutes from Exit 9 of Hongdae Station. Hot place location 2 rooms, living room, kitchen
Sunny",서북권,Entire home/apt,Entire home,3.0,2.0,3.0,1.0,42.0,103.25502658528774,34.41834219509591,76.4,25.46666666666667,4.6372019142908805,4.335982696172475
1391060779440374810,Stay Moment #303 City Hall Station 3 minutes Nambu Gate 5 minutes Myeongdong 10 minutes,도심 핵심권,Private room,Private room in bed and breakfast,2.0,,2.0,,37.0,107.67739800309086,53.83869900154543,79.4,39.7,4.6791397014429705,4.37449836825309
1595291823985248941,Mapo Station 3 minutes | Self check-in | Near Hongdae and Itaewon | Traditional Korean-style stay,서북권,Entire home/apt,Entire home,4.0,2.0,2.0,1.0,57.0,127.01115785384296,31.75278946346074,110.4,27.6,4.844274939716255,4.704110133842995
841242141894129652,Arch House2 공덕역5분296m° 욕실1개°  독립공간° 2층 ° Netflix,서북권,Entire home/apt,Entire home,2.0,1.0,1.0,1.0,43.0,79.4865693784963,39.74328468924815,84.0,42.0,4.375588068753281,4.430816798843313
806339822596227110,Private room in Haebangchon multi-family housing cozy private room,도심 핵심권,Private room,Private room in home,2.0,,1.0,,42.0,50.54125377922956,25.27062688961478,85.6,42.8,3.9227899093141865,4.449685283147696
1391052619717498815,Stay Moment # 403 City Hall Station 3 minutes Nammun Gate 5 minutes Myeongdong 10 minutes,도심 핵심권,Private room,Room in hotel,2.0,1.0,1.0,1.0,36.0,89.28692246660782,44.64346123330391,73.4,36.7,4.491855032215544,4.29592393562047
24947892,PIPE Hostel Myeongdong - 401,도심 핵심권,Private room,Room in aparthotel,3.0,1.0,2.0,1.0,35.0,178.34982516831934,59.44994172277311,91.0,30.333333333333332,5.18374693153147,4.51085950651685
18419488,Itaewon House with Hotel interior 3,도심 핵심권,Private room,Private room in rental unit,1.0,,1.0,,17.0,32.824197336679696,32.824197336679696,65.4,65.4,3.4911659670850015,4.180522258463153
1539816061077429133,"[OPEN SALE!] Quiet residential area in the heart of Jongno/Myeong-dong, Insa-dong, Gyeongbokgung Palace, Naksan Park",도심 핵심권,Entire home/apt,Entire rental unit,5.0,2.0,3.0,1.0,46.0,146.51435561215885,29.30287112243177,88.8,17.759999999999998,4.987123414183046,4.486386649998124
1507287920523503149,15% OFF on weekdays in September only! Myeongdong/DDP 13 minutes/Station 5 minutes/Beam projector/Netflix/Airport bus 3 minutes,북동 외곽권,Entire home/apt,Entire rental unit,6.0,2.0,3.0,1.0,55.0,158.0328060414344,26.338801006905737,86.2,14.366666666666667,5.062802644647818,4.456670177669648
1060784132066379846,New/hongdae/for 2 people/cozy/wifi,서북권,Entire home/apt,Entire rental unit,2.0,1.0,1.0,1.0,39.0,92.10420785758669,46.05210392879334,89.2,44.6,4.5229206301392795,4.490881039585964
999041117901617633,[25.8 Open Discount/10 minutes from Seoul Station] Namsan Huam Private Stay,도심 핵심권,Entire home/apt,Entire home,3.0,1.0,1.0,1.0,31.0,129.81865087581338,43.27288362527113,96.0,32.0,4.86613848328367,4.564348191467836
1559212926163491796,! Sale! / 7 minutes from Hongik University Station / Yeonnam-dong / Best for 1-2 people,서북권,Entire home/apt,Entire rental unit,2.0,1.0,1.0,1.0,40.0,138.45654159992657,69.22827079996328,106.2,53.1,4.930556497326541,4.665324108807838
1255537530127934267,4 minutes to Gangnam Station/4 minutes to Airport Bus/COEX/Food Street/Hotel-style bedding,동남권,Entire home/apt,Entire home,2.0,1.0,2.0,1.0,38.0,109.38139872943647,54.690699364718235,108.6,54.3,4.694840845635698,4.687671407499835
13961165,Modern singleroom@Daehakro,도심 핵심권,Entire home/apt,Entire rental unit,1.0,1.0,1.0,1.0,28.0,66.69781529841498,66.69781529841498,63.8,63.8,4.200172198238447,4.155753190350744
2547968,Bethel Stay,북동 외곽권,Private room,Private room in rental unit,4.0,2.0,3.0,,60.0,204.48995743505048,51.12248935876262,64.4,16.1,5.3205188663799605,4.165113633110308
30353021,"Seoul Guest House is located in Myeong-dong, Dongdaemun, Jongno, Daehak-ro, Seoul National University Hospital/Naksan Park Castle Road (1).",도심 핵심권,Entire home/apt,Entire home,2.0,1.0,1.0,1.0,46.0,104.07309904715659,52.036549523578294,68.8,34.4,4.645093527693537,4.231203744939298
24838219,PIPE Hostel Myeongdong - 301,도심 핵심권,Private room,Room in aparthotel,2.0,1.0,1.0,1.0,36.0,127.98195973286384,63.99097986643192,75.8,37.9,4.851889314399699,4.328098292648326
773117,"Itaewon Hotel Interior 2
A delicious Breakfast",도심 핵심권,Private room,Private room in rental unit,1.0,,1.0,,23.0,50.277445979091034,50.277445979091034,65.6,65.6,3.9175565864710893,4.183575695950044
1640244581723716538,* Mumunestay_5 minutes from Namsan/Myeong-dong Station_Single-Bed Room (1-person room) 5 minutes from Myeong-dong Station,도심 핵심권,Private room,Private room in bed and breakfast,1.0,,1.0,,26.0,87.63298920332566,87.63298920332566,69.4,69.4,4.473157516129536,4.239886867512759
25149266,"[Herb House 3 Peppermint] Calm, Clean, Breakfast",도심 핵심권,Private room,Private room in rental unit,1.0,,1.0,,29.0,42.600100797852235,42.600100797852235,66.2,66.2,3.7518566194192915,4.192680462942962
24311986,★明洞 Myeongdong / Full- furnished Studio 203,도심 핵심권,Entire home/apt,Entire rental unit,2.0,1.0,1.0,1.0,42.0,115.35190261390548,57.67595130695274,75.0,37.5,4.7479874787525285,4.31748811353631
1125655174654423793,GOOD Double Korean Style  with balcony_4@Hongdae,서북권,Private room,Private room in home,2.0,,1.0,,21.0,63.250893650405324,31.625446825202662,67.6,33.8,4.1471092563679814,4.213607983048918
1359919519315659722,[Room 405] 1-minute walk from Dongdaemun History and Culture Park Station / Cozy accommodation next to a playground in the city center,도심 핵심권,Entire home/apt,Entire rental unit,1.0,1.0,1.0,1.0,23.0,44.77544277612028,44.77544277612028,69.8,69.8,3.8016598368117895,4.2456340097683265
871977876791781973,Cozy and clean room in hongdae,서북권,Private room,Room in hotel,4.0,1.0,2.0,1.0,30.0,208.3490850646719,52.087271266167974,67.2,16.8,5.339214966520553,4.207673247529104
989034198000530464,Top floor best view near airport and hongdae,서북권,Entire home/apt,Entire rental unit,3.0,1.0,2.0,1.0,45.0,117.78565259621142,39.26188419873714,177.4,59.13333333333333,4.768866469200698,5.178407069875479
1686655587995276777,[Onjae Jongro 2] Central Seoul #Dongdaemun #Myeong-dong #Gwangjang Market #Traditional Market,도심 핵심권,Entire home/apt,Entire home,4.0,1.0,2.0,1.0,35.0,165.65066806720725,41.41266701680181,183.8,45.95,5.109881161742344,5.213848209921586
1669309910541391106,"NEW STAY 206 Sinchon Station, Line 2, within walking distance of Hongdae's popular spots and Yonsei University, clean accommodation for 2 people or couples",서북권,Entire home/apt,Entire home,2.0,1.0,1.0,1.0,15.0,65.41252497903726,32.70626248951863,64.8,32.4,4.180713753567732,4.1713056033582285
1670038703537026105,"Seoul) House with a yard, Room A, direct bus to Seoul Station, 6 minutes to Daehung Station, 15 minutes to Gongdeok Station, Hongdae & Itaewon & Mangwon",서북권,Entire home/apt,Entire home,4.0,1.0,2.0,1.0,49.0,106.0953553399268,26.5238388349817,128.8,32.2,4.664338268412218,4.858260813670253
1439738955725634237,Hanok#Gyeongbokgung Station#4 rooms and 2 bathrooms/12 people#1st floor#Flat land#Luggage storage#Central Seoul location/Seoul Station/Myeongdong/Gwanghwamun/Hotel bedding,도심 핵심권,Entire home/apt,Entire home,12.0,4.0,6.0,2.0,50.0,385.55502730821877,32.12958560901823,338.6,28.21666666666667,5.95468392550979,5.824819469699035
1669321454117693604,NEW STAY 208 Sinchon Station Line 2 Convenient public transportation Near the main gate of Yonsei University College town Romantic room for couples,서북권,Entire home/apt,Entire home,2.0,1.0,1.0,1.0,14.0,66.5173048731624,33.2586524365812,64.8,32.4,4.197462137466083,4.1713056033582285
1668891580020019057,~Women Only~ Capsule [D],서북권,Private room,Private room in home,1.0,,1.0,,29.0,29.542023540117132,29.542023540117132,30.8,30.8,3.385813776453685,3.427514689979529
1495532400117378108,"All new residence, Fantastic view, 2 metro 3 min",도심 핵심권,Entire home/apt,Entire serviced apartment,4.0,1.0,3.0,1.0,53.0,174.86590105018374,43.716475262545934,129.8,32.45,5.16401940046791,4.86599480426999
740239244685400073,"2 minutes from Hongik University Station, charming accommodation, 1 bedroom and 1 bathroom, private use, Hongik | Yeonnam | Mangwon, popular travel destination, free luggage storage",서북권,Entire home/apt,Entire home,3.0,1.0,2.0,1.0,51.0,108.29034235334736,36.096780784449116,116.0,38.666666666666664,4.684815975084615,4.7535901911063645
1647540024567061950,"Cozy Wooden Accommodation Gyeol |
Mangnidan-gil • Mangwon Market • Hapjeong • Hongdae • Han River Park • Parking available",서북권,Entire home/apt,Entire home,4.0,1.0,2.0,1.0,23.0,239.656202064344,59.914050516086,113.8,28.45,5.479205404946728,4.73444252169223
20513604,"!StayHARI – 3-minute walk to Myeongdong, Euljiro, Seoul Tower, and Chungmuro Station; flat property; self-catering; laundry",도심 핵심권,Entire home/apt,Entire serviced apartment,4.0,0.0,2.0,1.0,45.0,160.995831794071,40.24895794851775,134.2,33.55,5.081378475171505,4.8993312245375815
1475351444438212924,Top accommodation/Private parking lot/Hwagok Station/4 beds/Hongdae Gangnam Magok 30 minutes/Gimpo Airport (Station) Free pick-up,서남권,Entire home/apt,Entire home,6.0,2.0,4.0,1.0,38.0,124.883171109008,20.813861851501333,122.6,20.433333333333334,4.827378669134357,4.808927023502111
1609942268979411950,"[Shopping and Restaurant Paradise] 3 minutes from Seongsu Station, Yeonmujang Cafe｜Seoul Forest Han River｜Lotte World Myeong-dong Gyeongbokgung Palace｜Hotel-style bedding",동남권,Entire home/apt,Entire home,6.0,2.0,3.0,1.0,62.0,197.0024118082843,32.83373530138072,123.2,20.533333333333335,5.283215971344694,4.81380905109942
1741338852459506427,"ON SALE 40% OFF 1-minute walk from Hongik University Station, Seoul Station, Gyeongbokgung Palace, Gwanghwamun, Itaewon, Myeong-dong",서북권,Entire home/apt,Entire home,6.0,2.0,3.0,1.0,44.0,182.4467420794863,30.407790346581052,119.0,19.833333333333332,5.206458306211579,4.77912349311153
1694769633018164691,"Pinaeda Seogyo_ 2-minute walk from Hongdae Station/3 rooms, 2 bathrooms/Large elevator/Spacious terrace/New building",서북권,Entire home/apt,Entire rental unit,8.0,3.0,4.0,2.0,48.0,387.3373396431626,48.41716745539532,340.6,42.575,5.959295992003067,5.830708768228588
1708388238097497180,Jongno Simple Stay Women's Capsule ｜Kanso｜Women Capsule #27,도심 핵심권,Private room,Room in boutique hotel,1.0,,1.0,,31.0,89.28989434922407,89.28989434922407,63.8,63.8,4.49188831629653,4.155753190350744
1656309776725820875,Seoul | 2 bedrooms | 2 queen beds | Hongdae | Myeong-dong | Gangnam | Seoul National University | Convenience store 3 minutes away | Parking,서남권,Entire home/apt,Entire home,4.0,2.0,2.0,1.0,24.0,109.33213058453616,27.33303264613404,70.8,17.7,4.694390318904332,4.259859000699674
1517891605347183262,Neat City Relaxation Sunset 35/Hongdae/Yeouido35,서남권,Private room,Room in boutique hotel,2.0,,1.0,,39.0,74.0581169883287,37.02905849416435,69.2,34.6,4.304850149673828,4.237000862623624
978118582949299784,#113 Seoul Station/7-minute walk/Women's Only Share House,도심 핵심권,Private room,Private room in home,1.0,,1.0,,40.0,34.84153753630525,34.84153753630525,30.2,30.2,3.5508102823625878,3.407841924380824
548161096947717222,"[Rest, 404] Maximum 3 people | Myeongdong | Sofa bed | MRT 3 minutes | Airport bus | Bidet",도심 핵심권,Entire home/apt,Entire serviced apartment,3.0,1.0,2.0,1.0,41.0,140.55117305703203,46.85039101901068,129.2,43.06666666666666,4.945571643507908,4.861361591348501
54232247,"Seoul Hanok Accommodation-North Korea Mountain View, Vintage Furniture, Stylish Design, Emotional Accommodation, After Work Trip, Eupyeong Hanok Village",북동 외곽권,Entire home/apt,Entire place,2.0,1.0,1.0,1.0,40.0,68.39558275937736,34.19779137968868,320.0,160.0,4.22530824300189,5.768320995793772
1409130244743172359,[Open Special Offer] Affordable accommodation for 1 person near Gasan Digital Complex,서남권,Private room,Room in boutique hotel,1.0,1.0,1.0,1.0,11.0,27.593100372352588,27.593100372352588,29.8,29.8,3.3175657549623043,3.3945083935113587
773521262098846668,[Yongsan] Flower house 203,서북권,Entire home/apt,Entire home,1.0,1.0,1.0,1.0,16.0,25.91013215265288,25.91013215265288,30.4,30.4,3.254634095010756,3.414442608412176
764961213504701146,The Brown | 서울역,도심 핵심권,Entire home/apt,Entire home,4.0,1.0,2.0,,40.0,161.20036526265002,40.300091315662506,65.0,16.25,5.0826480959672935,4.174387269895637
1615562952775456525,Warm 난방#2026 Luxury New Building#Two Rooms#Two Queen Beds#5-Minute Walk from Seolleung Station#Line 2#Gangnam#Itaewon#Myeong-dong,동남권,Entire home/apt,Entire rental unit,4.0,2.0,2.0,1.0,62.0,287.43332341202245,71.85833085300561,320.0,80.0,5.660990914773257,5.768320995793772
1708507793372301185,Namudo | Rooftop Views | Private Single-Family Home | Itaewon | Up to 10 people,도심 핵심권,Entire home/apt,Entire home,10.0,3.0,5.0,2.0,44.0,327.234348428961,32.723434842896104,333.2,33.32,5.790676576080035,5.808742910292688
1473178706417388620,Hongdae Good Time House | Two-bedroom with 4 beds on the middle floor | Subway Quiet Neighborhood: The ideal place for travelers,서북권,Entire home/apt,Entire condo,8.0,3.0,4.0,1.0,16.0,209.5102781478172,26.18878476847715,320.8,40.1,5.344772798530214,5.77081787599236
1507712896227004922,"[Sale off] Mangwon Market, Mangwon Station, Hongdae, Daegakwon, hotel-style bedding, luggage storage [4 rooms, 2 bathrooms, 6 queen beds, 12 people]",서북권,Entire home/apt,Entire home,12.0,4.0,6.0,2.0,47.0,242.0232079276919,20.168600660640994,338.8,28.233333333333334,5.489033622086177,5.8254099627779
758174280295120043,Starry house Ⅱ,도심 핵심권,Entire home/apt,Entire home,4.0,2.0,2.0,1.0,48.0,164.10135317687192,41.02533829421798,171.0,42.75,5.1004842441124545,5.14166355650266
46404598,"Hongik University Station 5min [Elevator] 5BR ,4Bath Private Rooftop Large Group Hongdae | Yeonnam | Mangwon",서북권,Entire home/apt,Entire home,16.0,5.0,17.0,4.0,60.0,574.0490717406805,35.87806698379253,326.8,20.425,6.3527148835028555,5.789348362985848
897341015185156866,"A hanok reflecting gentle warmth, Mirror Courtyard",도심 핵심권,Entire home/apt,Entire home,3.0,1.0,2.0,1.0,41.0,295.76936853966714,98.58978951322239,403.8,134.6,5.689579990281915,6.000919705878737
1549776891934268462,New/premium hotel hanok/sweet 6 people/Jongno 3-ga station 4 minutes/hotel lounge/high-rise city view/window/K-convenience store,도심 핵심권,Private room,Room in hotel,6.0,,4.0,,39.0,497.35991271062795,82.89331878510465,381.4,63.56666666666666,6.209313934455654,5.943848693166319
1724398942972504436,"(Newly opened) 2 minutes to Mangwon Market, 5 minutes to Mangwon Station, near Hongdae, Yeonnam, Gwanghwamun, and Hapjeong",서북권,Entire home/apt,Entire rental unit,4.0,1.0,2.0,1.0,35.0,130.02058663547845,32.50514665886961,76.6,19.15,4.867692796652611,4.338597076746545
1132538746286702194,Yeonwoon | Private Bukchon Hanok | Yard · Groups,도심 핵심권,Entire home/apt,Entire home,10.0,3.0,4.0,2.0,40.0,368.9288235280696,36.89288235280696,423.8,42.38,5.910603735266993,6.049261645834199
1755752254026725805,"Ajuk House in Yeonnam-dong, 7 minutes on foot from Hongdae Station and Pyeongji",서북권,Entire home/apt,Entire home,4.0,2.0,2.0,1.0,15.0,377.6587601715951,94.41469004289877,112.4,28.1,5.933991037025825,4.722063937459591
1652587129850592024,"Stay Myomi Jongro, Family Room",도심 핵심권,Private room,Room in hotel,4.0,,2.0,,17.0,484.82736728634484,121.20684182158621,332.6,83.15,6.183792883834979,5.806940566758827
1513367504265108076,#Near Seoul Station #Gyeongbokgung #Insa-dong #Cheonggyecheon Standard Double,도심 핵심권,Private room,Room in boutique hotel,2.0,,1.0,,19.0,338.2537786046268,169.1268893023134,327.4,163.7,5.823796438029527,5.791182664937034
1513367574355277430,#Near Chungmuro Station #Myeong-dong #Seoul Tower #Deoksugung Palace Standard Twin,도심 핵심권,Private room,Room in boutique hotel,2.0,,2.0,,16.0,344.50333603150085,172.25166801575043,335.2,167.6,5.842103774097685,5.814727368607928
1562302271984924585,6-minute walk from M47 Hongdae Entrance Station / Yeonnam-dong / Private bathroom / Free luggage storage (Accommodation for 18 people),서북권,Entire home/apt,Entire home,16.0,4.0,14.0,4.0,31.0,383.3303620966085,23.95814763103803,336.0,21.0,5.948897181606821,5.817111159963204
1173646496557386150,Pool Moon Stay 202,서남권,Private room,Private room in home,1.0,,1.0,,32.0,31.05866697645842,31.05866697645842,338.0,338.0,3.435877899106647,5.823045895483019
1475744392604158719,#Seoul #Jung-gu #Namdaemun #Myeongdong Standard Double,도심 핵심권,Private room,Room in boutique hotel,2.0,0.0,1.0,1.0,19.0,151.7826137626181,75.89130688130905,343.6,171.8,5.022449324558933,5.839478190110101
1340140383750637548,"Nine Tree Hotel Dongdaemun, 5 minutes from Dongdaemun Station, convenient and safe location, standard double",도심 핵심권,Entire home/apt,Room in aparthotel,2.0,1.0,1.0,1.0,24.0,154.4910665691015,77.24553328455075,321.2,160.6,5.040136273106856,5.7720639820726065
1257872056680695596,1min/ 3bedroom hongdae house,서북권,Entire home/apt,Entire home,7.0,3.0,4.0,1.5,8.0,367.6798295422163,52.525689934602326,327.2,46.74285714285714,5.907212531056651,5.790571604728592
1300254896809355343,"Dongdaemun Station 1 minute hotel, Sky Park Dongdaemun King Town, Shopping, Safety-Family Room",도심 핵심권,Entire home/apt,Room in aparthotel,4.0,1.0,3.0,1.0,8.0,219.5763605968331,54.894090149208274,336.2,84.05,5.391700056285557,5.817706220974515
793791375821453119,"[Residence Two-Room] 10 minutes from Gyo-dae Station, Lines 2 and 3 / 2 bedrooms • 2 queen size beds • 1 bathroom",동남권,Entire home/apt,Entire rental unit,6.0,1.0,2.0,1.0,56.0,220.73276732980042,36.788794554966735,319.8,53.300000000000004,5.396952772245737,5.767695800399854
1227792023686732066,Kotaro House C (Whole floor use) Can accommodate 10 people as standard (maximum 12).,서북권,Entire home/apt,Entire home,12.0,4.0,2.0,0.0,15.0,253.99566885864544,21.166305738220455,339.8,28.316666666666666,5.537317215135538,5.828357209237832
1365611018455705977,"Nine Tree Hotel Dongdaemun, 5 minutes from Dongdaemun Station, convenient and safe location, standard twin",도심 핵심권,Entire home/apt,Room in aparthotel,2.0,1.0,2.0,1.0,24.0,168.47680449117658,84.23840224558829,336.0,168.0,5.1267980815105,5.817111159963204
1709843745906840991,"Holiday Home, 2Rms, 2Bths, Living room, Breakfast",서북권,Entire home/apt,Entire home,9.0,2.0,6.0,2.0,36.0,299.58442811980893,33.28715867997877,361.6,40.17777777777778,5.702396274724227,5.890538628518022
1513368198817507222,#Near Seoul Station #Gyeongbokgung #Insa-dong #Cheonggyecheon Deluxe Double,도심 핵심권,Private room,Room in boutique hotel,2.0,,1.0,,18.0,300.4051963447227,150.20259817236135,341.0,170.5,5.705132217825332,5.831882477283517
1620980332019803372,5 minutes to Gangnam/COEX/Plastic Surgery/Hakdong Station/Cheongdam/New Building/Free Parking/Elevator/Terrace/8 people/15% discount,동남권,Entire home/apt,Entire rental unit,8.0,3.0,4.0,2.0,50.0,514.5918092943441,64.32397616179301,251.4,31.425,6.243373983075703,5.527045296156147
1411537063923969749,[OPEN!] Haebang House/Namsan Tower within walking distance/Haebangchon Hot Spot/Large Screen Beam Projector,도심 핵심권,Entire home/apt,Entire home,6.0,3.0,3.0,2.0,40.0,292.51024265248356,48.75170710874726,267.0,44.5,5.678499683674137,5.58724865840025
1454830769655743392,Hongdae 5 min walk • 9F City View • Hotel Apt,서북권,Entire home/apt,Entire rental unit,6.0,2.0,4.0,1.0,51.0,191.05010877177787,31.841684795296313,280.2,46.699999999999996,5.252535743229454,5.635503633902907
1660763805511945521,"Living in Seoul for a month | Ground-Floor | 7 minutes from Apgujeong Station | 20 minutes from Gangnam, Seongsu, and Jongno",동남권,Entire home/apt,Entire home,8.0,3.0,5.0,1.0,38.0,221.30489941818658,27.663112427273322,278.0,34.75,5.399541386071702,5.627621113690637
1249587071185963451,# Unique accommodation in Ikseon-dong,도심 핵심권,Entire home/apt,Entire rental unit,2.0,1.0,1.0,1.0,34.0,178.25519591856298,89.12759795928149,166.0,83.0,5.18321620848282,5.111987788356544
1716693453869254098,[Hongdae 10M] 3R/Clean&Cozy/Private /Free Luggage,서북권,Entire home/apt,Entire home,8.0,3.0,4.0,1.0,39.0,186.72783551169013,23.340979438961266,183.0,22.875,5.229652131623562,5.209486152841421
7427929,Korean traditional house(Hanok) built by masters,도심 핵심권,Entire home/apt,Entire place,4.0,2.0,,1.0,41.0,249.1590115961975,62.289752899049375,256.0,64.0,5.518091293433934,5.545177444479562
25819985,STAY256 Hanok Guesthouse_RM2,도심 핵심권,Private room,Private room in home,2.0,,1.0,,31.0,79.99943550493532,39.99971775246766,98.0,49.0,4.382019578460678,4.584967478670572
1204728922968602156,"Duplex, Kitchen, Netflix, 4-person room, Namsan View Rooftop, Barbecue 2-2 (3)",도심 핵심권,Entire home/apt,Entire loft,4.0,1.0,2.0,1.0,42.0,302.68604581985215,75.67151145496304,176.2,44.05,5.712696115922635,5.171619713502079
1746141119876434744,New discount | Gongdeok Station 8 minutes · Aeogae Station 5 minutes | Seoul Station 10 minutes | Hongdae · Myeongdong,도심 핵심권,Entire home/apt,Entire rental unit,4.0,2.0,3.0,1.0,36.0,126.89863734453297,31.724659336133243,99.4,24.85,4.843388636636944,4.599152113662528
1684556385943583428,3 minutes to Hongdae Main Street | 4 minutes to Sangsu Station | 1 minute to convenience store | Free luggage storage | Queen bed |,서북권,Entire home/apt,Entire home,2.0,1.0,1.0,1.0,9.0,96.14512811901554,48.07256405950777,109.4,54.7,4.56585880116202,4.695010889987881
1515707670703603426,[The villa 23-Mantova] Family Suite / 10 people / Elevator / 8 minutes to Myeong-dong / Dongdaemun / Gyeongbokgung Palace,도심 핵심권,Entire home/apt,Entire home,10.0,1.0,6.0,2.0,48.0,334.29613101939316,33.42961310193932,319.8,31.98,5.8120272199800596,5.767695800399854
1344809161949537095,#New #4 people #Daerim Station (1-minute walk) #Line 2 #Airport bus #Hongdae #Gangnam #Kochek Dome #Seongsu #Dongdaemun #Myeong-dong,서남권,Entire home/apt,Entire rental unit,4.0,2.0,2.0,1.0,41.0,112.57615554191925,28.144038885479812,100.8,25.2,4.723629930775587,4.613138355637268
1515700812112610626,[The villa 23-Ravenna] Large suite / 10 people / Elevator / 8-minute walk to Myeong-dong / Dongdaemun / Gyeongbokgung Palace,도심 핵심권,Entire home/apt,Entire home,10.0,1.0,6.0,2.0,48.0,334.29613101939316,33.42961310193932,332.4,33.239999999999995,5.8120272199800596,5.806339062981293
962132618872003713,Exclusive retreat in seoul,도심 핵심권,Entire home/apt,Entire home,3.0,2.0,1.0,1.0,52.0,169.43274623662825,56.47758207887608,100.0,33.333333333333336,5.132456070718513,4.605170185988092
1523672312798405609,Classic Apt 203 - Historic Korea(Coryeo)Building,도심 핵심권,Entire home/apt,Entire rental unit,3.0,1.0,2.0,1.0,49.0,204.2110253829834,68.0703417943278,176.4,58.800000000000004,5.319153897333636,5.172754143572691
19455588,Boan Stay Room 31,도심 핵심권,Private room,Private room in serviced apartment,2.0,1.0,2.0,1.0,28.0,149.0204199453917,74.51020997269585,108.2,54.1,5.004083343168797,4.6839813664123815
1536145830314456124,[Summer Special] 3 minutes from Mapo-gu Office Station/Queen for 4 people 2/1st floor/5 minutes to airport bus/Hongdae Hapjeong/YG/1 minute to convenience store/Parking,서북권,Entire home/apt,Entire home,4.0,2.0,2.0,1.0,40.0,116.70255118629794,29.175637796574485,100.2,25.05,4.759628400118667,4.607168188650764
1545613540522085383,Near Itaewon and Seoul Station | In the heart of Haebang Village | 10-minute walk to Namsan Tower | Olsuri accommodation for 6 people,도심 핵심권,Entire home/apt,Entire rental unit,6.0,2.0,3.0,1.0,44.0,168.32071268927186,28.05345211487864,104.4,17.400000000000002,5.125871163673413,4.648229675448539
1165994703773070540,[Room 403] 1-minute walk from Dongdaemun History and Culture Park Station / Cozy accommodation next to a playground in the city center,도심 핵심권,Entire home/apt,Entire rental unit,1.0,1.0,,1.0,18.0,41.774666970059634,41.774666970059634,72.6,72.6,3.7322901024582897,4.28496492183075
1244595089038821752,Bomun Station 3 minutes # Warm # Comfort # Win House # Private # Individual,북동 외곽권,Entire home/apt,Entire home,2.0,1.0,1.0,1.0,17.0,39.52559092914234,19.76279546457117,72.2,36.1,3.676948333752714,4.279440045898781
1483091973506462847,Sunlight slanted through the window.32,서남권,Private room,Room in hotel,2.0,1.0,1.0,1.0,40.0,73.94267093315698,36.97133546657849,72.6,36.3,4.30329007583628,4.28496492183075
773172405875465723,"4 rooms 2 bath, metro 2 min, seoul station 10 min",도심 핵심권,Entire home/apt,Entire home,10.0,4.0,6.0,2.0,63.0,414.77612712458284,41.47761271245828,354.2,35.42,6.027738921961886,5.869861725348733
1742822940117569266,"1-minute walk from Sindang Station/Myeongdong, Seongsu, DDP, Gangnam/Luggage storage/Terrace",도심 핵심권,Private room,Room in hotel,2.0,,1.0,,22.0,78.50756975920703,39.253784879603515,101.0,50.5,4.363195050192877,4.61512051684126
1658285960207079018,[New Discount] 3-minute walk from Kyunghee University and Ewha Womans University | Seoul Station and Cheongnyangni Station | Newly renovated | Quiet and cozy 3-room property,북동 외곽권,Entire home/apt,Entire home,8.0,3.0,4.0,1.0,30.0,208.1885833797715,26.023572922471438,71.4,8.925,5.3384443198059675,4.268297869345539
1683057366123710105,"[Best] Good location to go anywhere in Seoul Spend Less, Do more",서남권,Entire home/apt,Entire home,2.0,1.0,1.0,1.0,37.0,57.48600131371003,28.743000656855013,72.6,36.3,4.051541462749486,4.28496492183075
1680187325415411236,TheDongdaemun7/6001 Airport Bus/Close to Station/Elbe/Storage singletwinD7,도심 핵심권,Private room,Room in hotel,2.0,,2.0,,35.0,213.06804831761588,106.53402415880794,73.0,36.5,5.361611590357498,4.290459441148391
1302684712858193625,On Stay / 6 minutes to Godeok Station. 5 minutes on foot to the airport bus. Godeok Anam Hospital. DDP. Hwajeong Gymnasium / Early check-in. Long-stay discount,북동 외곽권,Entire home/apt,Entire home,4.0,2.0,2.0,1.0,38.0,117.77744061530697,29.444360153826743,71.6,17.9,4.768796747065572,4.2710950739666
1703462377556768518,"Ahaus ""Dresden""",서북권,Private room,Private room in bed and breakfast,1.0,,1.0,,50.0,52.43282147096714,52.43282147096714,79.8,79.8,3.959532759192728,4.379523504455763
1391634856106780642,Stay Moment # 405 City Hall Station 3 minutes Namsanmun 5 minutes Myeongdong 10 minutes,도심 핵심권,Private room,Room in hotel,2.0,1.0,1.0,1.0,34.0,100.72013647014808,50.36006823507404,73.4,36.7,4.612345744681044,4.29592393562047
1648517662731468132,Jamsil Gangnam | 5min to KSPO | Lotte World | COEX,동남권,Entire home/apt,Entire home,4.0,2.0,2.0,1.0,29.0,121.18198541092208,30.29549635273052,73.8,18.45,4.797293427364489,4.301358731606427
1616398924291312574,[Fall Special] · Line 2 Seoul National University Station · Spacious two-room with 3 beds · Direct access to the airport bus | Lucky Stay,서남권,Entire home/apt,Entire home,4.0,2.0,3.0,1.0,42.0,76.45179071807112,19.11294767951778,73.6,18.4,4.336660355489514,4.298645025734831
1441114901477433476,"Myeongdong/Euljiro 4-ga Hotel_Lounge, Laundry, Gym, Shared Kitchen Free, Clean and Safe, Boutique Hotel",도심 핵심권,Entire home/apt,Room in aparthotel,2.0,1.0,2.0,1.0,31.0,287.6827317677433,143.84136588387165,320.0,160.0,5.661858247093785,5.768320995793772
1672164519736324560,New/2BR/Line 2&5 Subway Close/Gocheok Dome/Airport,서남권,Entire home/apt,Entire home,5.0,2.0,2.0,1.0,40.0,81.21600661708936,16.24320132341787,73.2,14.64,4.397112353567113,4.293195420967266
1674930139891773860,Cozy 1bed room Gangnam,동남권,Entire home/apt,Entire rental unit,2.0,1.0,1.0,1.0,52.0,90.17820785378508,45.08910392689254,72.8,36.4,4.501787799805726,4.28771595520264
1683099856948603096,[5 people] #Line 5 # 2 minutes to Omokgyo #Gimpo Airport #Hongik University Station #Gwanghwamun #Kochek Dome #Jongno 3-ga #Olive Young #Mr. Mansion,서남권,Entire home/apt,Entire home,5.0,2.0,3.0,1.0,38.0,78.96904394362205,15.79380878872441,72.4,14.48,4.3690559268593026,4.282206299391671
1573908798241946780,Yeonsin Station GTX-A Seoul Station One Stop/7 minutes on foot from the station/Up to 4 people/Hongdae 12 minutes#Mr. Mention,서북권,Entire home/apt,Entire home,4.0,1.0,2.0,1.0,27.0,205.79253569720342,51.448133924300855,73.0,18.25,5.326868553049299,4.290459441148391
1168876717762952799,"[Popular accommodation] 5 minutes from Ttukseom Station, 20 seconds from convenience store, 2 large beds, 3, maximum 6 people @ washing machine, dryer",동남권,Entire home/apt,Entire home,6.0,2.0,3.0,1.0,41.0,149.04017043675293,24.840028406125487,72.8,12.133333333333333,5.004215869856507,4.28771595520264
1479226436662881259,Calm Lodge｜1 bed｜1 bath｜5-minute walk to Hongdae Station and Hapjeong Station｜,서북권,Entire home/apt,Entire home,2.0,1.0,1.0,1.0,29.0,127.92243474662945,63.961217373314724,71.6,35.8,4.851424101698456,4.2710950739666
1669297650206279666,NEW STAY 204 Sinchon Station Airport Bus Yeon-dae Sevrans Hongdae Cozy Private Accommodation for Two,서북권,Entire home/apt,Entire home,2.0,1.0,1.0,1.0,15.0,67.1845777664288,33.5922888832144,71.4,35.7,4.2074437236671365,4.268297869345539
1201274582801010021,[Cookie's house] 1 minute to subway/1 minute to airport bus/center of Seoul/Netflix free/super station area/antique/emotional/cozy,서남권,Entire home/apt,Entire home,3.0,1.0,1.0,1.0,40.0,76.45418453713113,25.48472817904371,72.2,24.066666666666666,4.336691666483818,4.279440045898781
1465598046876910938,Standard Single Room,도심 핵심권,Private room,Private room in hostel,1.0,1.0,1.0,1.5,26.0,57.79244832510419,57.79244832510419,72.8,72.8,4.056858115327834,4.28771595520264
1374249142900145980,[Hongdae Stay] Hongik University Station/Hapjeong YG/Mangwon - A type,서북권,Entire home/apt,Entire rental unit,2.0,1.0,1.0,1.0,24.0,84.39933207221456,42.19966603610728,76.6,38.3,4.4355594877342766,4.338597076746545
1679630362747313009,TheDongdaemun2/6001 Airport Bus/Super Station Area/Elbe/Luggage Storage/Doublebed,도심 핵심권,Private room,Room in hotel,2.0,,1.0,,33.0,203.99436915444343,101.99718457722172,78.0,39.0,5.318092391279168,4.356708826689592
1225686416977439226,Dongmyo Station/Gyeongbokgung Palace/Bukchon Hanok Village/Insa-dong/DDP/Changdeokgung Palace/Hongdae/Myeong-dong/Seongsu/N Seoul Tower/Room 101,도심 핵심권,Entire home/apt,Entire home,4.0,2.0,3.0,1.0,54.0,202.97026741988117,50.74256685497029,71.4,17.85,5.313059502402693,4.268297869345539
43281516,"[Twin Room]Tasteful, picturesque Hanok - Gongsimga",도심 핵심권,Private room,Private room in home,2.0,1.0,,,33.0,106.56660191053811,53.283300955269056,71.2,35.6,4.6687701597391165,4.26549281841793
1251411156741084921,AccessHouse 201,도심 핵심권,Private room,Private room in home,2.0,,1.0,,40.0,62.731739121222866,31.365869560611433,77.4,38.7,4.138867525639908,4.3489867805956814
1138192936989874178,Myeong dong Jongno NaNa home #10(luggagestorage),도심 핵심권,Entire home/apt,Entire rental unit,2.0,1.0,1.0,1.0,42.0,152.55924163554994,76.27962081777497,77.2,38.6,5.027552990353943,4.3463994570307305
1735561902373921581,[New] 1 minute from Ttukseom Station | 1 stop from Seongsu Station | Seoul Forest | Early check-in,동남권,Entire home/apt,Entire home,2.0,1.0,2.0,1.0,13.0,58.21680750888761,29.108403754443806,75.8,37.9,4.064174101858431,4.328098292648326
34939504,[RE-Open SALE] Nest Room - 5min to Hongik univ stn,서북권,Private room,Private room in home,3.0,,1.0,,55.0,77.6252439712997,25.875081323766565,78.6,26.2,4.351892683196204,4.364371699435161
1645545529362130088,Stay Daecheong_Daecheong Station #SMC #SRT#Jamsil,동남권,Entire home/apt,Entire home,4.0,2.0,2.0,1.0,44.0,121.75408335272681,30.438520838181702,71.6,17.9,4.802003300231717,4.2710950739666
1665065071042786039,36-Hongdae Private Dormitory House [Female only],서북권,Shared room,Shared room in home,1.0,,1.0,5.0,9.0,17.26967965113565,17.26967965113565,24.0,24.0,2.848952342544486,3.1780538303479458
1339414203797805305,"[New 2025 Open Special Price] Seoul/Hongdae/Myeongdong/DDP/Seongsu_Chungjeongno Station, 5 minutes walk from the airport bus (4 people)",도심 핵심권,Entire home/apt,Entire rental unit,4.0,2.0,3.0,1.0,31.0,152.41028712865,38.1025717821625,73.0,18.25,5.0265761418186266,4.290459441148391
975296597728606654,"[Shim, 417] Sofa bed/Accommodation for 3 people/High floor/Myeongdong/Bidet",도심 핵심권,Entire home/apt,Entire rental unit,3.0,1.0,2.0,1.0,43.0,142.15495725706012,47.38498575235337,136.4,45.46666666666667,4.956917710911809,4.915591745409362
1624322799351882235,Dongdaemun Station/Jongno 5-ga/Free storage/,도심 핵심권,Entire home/apt,Entire rental unit,10.0,2.0,5.0,2.0,42.0,320.26949419801593,32.026949419801596,322.0,32.2,5.769162810736926,5.7745515455444085
47771753,Antique lodgings in seoul,도심 핵심권,Entire home/apt,Entire home,4.0,2.0,2.0,1.0,48.0,193.6469372385729,48.41173430964322,122.6,30.65,5.266036589871695,4.808927023502111
1729692749702023913,"Open 20% discount / 5 minutes from Jongno 3-ga and Anguk Station / Changdeokgung Palace, Bukchon, Ikseon-dong / 3 people / 3 beds / Luggage storage / Elevator / 401",도심 핵심권,Private room,Room in hotel,3.0,,3.0,,33.0,240.6547424305425,80.21824747684751,96.8,32.266666666666666,5.483363302309742,4.572646994282532
1226443218700677786,[7-minute walk from Nambu Terminal Station] Hippo's Suite / Hair straightener / Netflix / Seoul Arts Center / Recommended for business trips / High-rise with an open view,동남권,Entire home/apt,Entire rental unit,2.0,1.0,1.0,1.0,36.0,117.75438090873995,58.87719045436997,105.8,52.9,4.768600937374198,4.661550519424199
1318934611714167627,Hongik University station 4min/4BR&8bed&3Bath,서북권,Entire home/apt,Entire home,13.0,4.0,8.0,3.0,43.0,384.4760411858566,29.57508009121974,315.0,24.23076923076923,5.951881475393994,5.752572638825633
1013383131536816382,WECO STAY Chungmuro (Suite Quadruple),도심 핵심권,Entire home/apt,Entire rental unit,4.0,1.0,3.0,1.0,41.0,179.98077862030203,44.99519465507551,343.6,85.9,5.1928500597454725,5.839478190110101
1517102669772308426,"Picturesque house (1st floor)
Palette House",도심 핵심권,Entire home/apt,Entire home,5.0,3.0,3.0,2.0,37.0,278.68304842747943,55.736609685495885,338.0,67.6,5.630075108911762,5.823045895483019
33503638,5min Myeongdong - Standard Double Room by G2 Hotel,도심 핵심권,Hotel room,Room in aparthotel,2.0,0.0,1.0,1.0,26.0,287.07461477279486,143.53730738639743,316.2,158.1,5.659742163756954,5.756374924775372
922198941894680149,Ondsy - Modern Era Hanok in 1949,도심 핵심권,Entire home/apt,Entire home,4.0,0.0,2.0,1.0,34.0,174.90588741228822,43.726471853072056,142.8,35.7,5.164248043049145,4.9614450499054845
678429786059707577,Casa de Naksan 2nd - 낙산주택,도심 핵심권,Entire home/apt,Entire home,2.0,2.0,2.0,1.0,57.0,135.36711543720367,67.68355771860183,153.0,76.5,4.907990461240541,5.030437921392435
915185645955303530,3 mins to Hongdae/3 rooms/View 2F [MoodHaus],서북권,Entire home/apt,Entire home,6.0,3.0,5.0,1.0,52.0,202.2869741405874,33.7144956900979,122.0,20.333333333333332,5.3096873532750815,4.804021044733257
680715045032037360,Private accommodation with a yard for exclusive use around Yongsan Itaewon,도심 핵심권,Entire home/apt,Entire guesthouse,3.0,2.0,3.0,1.0,51.0,126.3082781395291,42.10275937984303,120.6,40.199999999999996,4.838725570672771,4.792479284293085
1518613841183000544,"Slowday Stay｜3 Beds, 2 Rooms｜Elevator｜Hongdae Main Street｜5-Minute Walk to Hongdae/Hapjeong｜Top Floor",서북권,Entire home/apt,Entire rental unit,5.0,2.0,3.0,1.0,42.0,160.6674546465,32.1334909293,150.6,30.119999999999997,5.079336729809261,5.014627315365793
1133959716950421276,Cozy House,동남권,Entire home/apt,Entire home,2.0,1.0,2.0,1.0,30.0,82.89597915896209,41.447989579481046,71.2,35.6,4.4175865586605365,4.26549281841793
1356365197811042263,WECO STAY Insadong (Standard Double),도심 핵심권,Entire home/apt,Entire rental unit,2.0,1.0,1.0,1.0,34.0,143.65807629567573,71.82903814783786,153.2,76.6,4.9674360058823215,5.0317442573064906
5093855,#Seongsu Station 4-Minute Walk #Yeonmujang-gil #Seongsu Cafe Street #Seoul Trip #Couple Trip #Family Trip #KSPo,동남권,Entire home/apt,Entire home,4.0,2.0,2.0,1.0,33.0,137.85817142654162,34.464542856635404,142.8,35.7,4.926225413381011,4.9614450499054845
1487479307213895424,[Kstar Stay]Myeongdong Namsan Namdaemun 5min-R.301,도심 핵심권,Entire home/apt,Entire rental unit,2.0,1.0,1.0,1.0,30.0,93.5180744082906,46.7590372041453,72.4,36.2,4.538154726792408,4.282206299391671
584381501812414854,"[L7 Myeongdong Hotel] 1 minute from Myeongdong Station, boutique hotel, Olive Young/Daiso 3 minutes, standard twin",도심 핵심권,Private room,Room in hotel,2.0,,2.0,,3.0,278.388168284749,139.1940841423745,324.0,162.0,5.629016428579963,5.780743515792329
1690362022691057719,5min Hongik Stn/Sensual Accommodation/Beam Projector/Yeontral Park/Gyeongui Line Book Street Park/Hongik University Station,서북권,Entire home/apt,Entire home,2.0,1.0,1.0,1.0,27.0,136.2690856577842,68.1345428288921,127.6,63.8,4.914631501955585,4.848900370910689
1726088748228224304,Quiet Sadang Stay,서남권,Entire home/apt,Entire home,4.0,2.0,2.0,1.0,35.0,129.12254522525703,32.28063630631426,73.6,18.4,4.860761916418878,4.298645025734831
1528244920445269576,"Licensed accommodation, Family Stay, Kids Friendly",도심 핵심권,Entire home/apt,Entire rental unit,8.0,2.0,4.0,2.0,43.0,491.7523239934891,61.469040499186136,329.4,41.175,6.1979751832234085,5.79727281774354
51352214,"hongik Stn2min, 3BR&2Bath, Optimal for family unit",서북권,Entire home/apt,Entire home,11.0,3.0,6.0,2.0,44.0,318.74196400431356,28.976542182210324,323.8,29.436363636363637,5.764381885187975,5.780126041243535
47014714,"Namsan City view, Rooftop studio all-inclusive",도심 핵심권,Entire home/apt,Entire guest suite,6.0,1.0,6.0,1.0,38.0,202.5882216907182,33.7647036151197,330.4,55.06666666666666,5.31117545434338,5.800304041646823
38827658,leejae_whole house,도심 핵심권,Entire home/apt,Entire home,11.0,5.0,8.0,2.0,58.0,375.79442598535934,34.16312963503267,320.0,29.09090909090909,5.929042254472768,5.768320995793772
1464979871474062264,[AC PALACE_2bedroom Family] Newly opened # 5 minutes walk from Yeoksam Station # Long-term stay # Family accommodation,동남권,Entire home/apt,Entire rental unit,3.0,1.0,2.0,1.0,29.0,156.18844390139196,52.06281463379732,328.2,109.39999999999999,5.051063251963173,5.793623178655991
1686653219098294475,kms Homestay Sun,서남권,Private room,Private room in home,2.0,,1.0,,60.0,42.510042848173654,21.255021424086827,27.2,13.6,3.749740350325346,3.3032169733019514
1637573602671068232,Thezip seoul (Women only dormitory),서북권,Private room,Room in hotel,1.0,,1.0,,17.0,32.32249763556746,32.32249763556746,26.2,26.2,3.4757635089952794,3.265759410767051
1725106889154142446,"Garden Suite, Green View | Long Weekend Haus 101",도심 핵심권,Entire home/apt,Entire rental unit,4.0,1.0,2.0,1.0,38.0,283.3851506512624,70.8462876628156,297.2,74.3,5.6468069287464076,5.694405312843604
1434640587408072484,"[Hongik Univ. STN]6rm Amazing rooftop Muji, Modern",서북권,Entire home/apt,Entire guest suite,16.0,6.0,8.0,2.0,38.0,336.460673188045,21.028792074252813,351.8,21.9875,5.818481272085675,5.8630628323034575
736651793235471406,Dear Min House Hongdae #Rooftop #Hongdae #Hongik University Station 5 minutes away,서북권,Entire home/apt,Entire home,2.0,0.0,1.0,1.0,23.0,137.0667213640003,68.53336068200015,73.6,36.8,4.920467824529188,4.298645025734831
1719087200780862178,(302)HUFS.Private Room|Clean Shared Bath|Long Stay,북동 외곽권,Private room,Private room in bed and breakfast,2.0,,1.0,,38.0,28.85002563313916,14.42501281656958,23.4,11.7,3.3621108814507386,3.152736022363656
1405640376754903282,[Newly built | Fully equipped with AC/EV] 10-minute walk to Korea University Station • Gwanghwamun • DDP • Hongdae • Seongsu • Itaewon – Convenient access,북동 외곽권,Entire home/apt,Entire rental unit,5.0,2.0,3.0,1.0,44.0,128.53779695796146,25.70755939159229,74.8,14.959999999999999,4.856223000835332,4.314817884980432
1383680594379315397,Botanic Vibes · 4 Beds + Dining · 4-min Subway,서남권,Entire home/apt,Entire home,6.0,2.0,4.0,1.0,42.0,100.12572933575632,16.687621555959385,118.0,19.666666666666668,4.606426689614241,4.770684624465665
1335974958179419842,# 30 seconds from Yeonmujang-gil • # 5 minutes from Ttukseom Station • # 6 minutes from Seongsu Station • # 10 minutes from Seoul Forest Station • # Olimo Modeling • # Beam Projector • # 2 Rooms,동남권,Entire home/apt,Entire home,4.0,1.0,2.0,1.0,36.0,133.56658108713737,33.39164527178434,114.4,28.6,4.894600088248583,4.739701078945697
1683813970211293393,[New] 3BR Entire Floor | Airport Pickup | AREX,서북권,Entire home/apt,Entire rental unit,6.0,3.0,3.0,1.0,56.0,188.98317894253938,31.49719649042323,115.0,19.166666666666668,5.241658010794856,4.74493212836325
1446012947013818423,"[New] Standard Twin Room/Jongno 3-ga, Anguk Station 5-minute walk/Ikseon-dong Hotel",도심 핵심권,Private room,Room in hotel,2.0,1.0,2.0,1.0,34.0,167.01187533724107,83.50593766862053,117.2,58.6,5.1180649196924115,4.763881877142913
1734061922586070575,"New Open_Morie Room | Room for 3 people | 5 minutes from Anguk, Ikseon-dong, Bukchon, Jongno | 301",도심 핵심권,Private room,Private room in hostel,3.0,,3.0,,24.0,162.61801763793773,54.20600587931258,113.6,37.86666666666667,5.091404000556195,4.732683506287051
1557772374361405383,[Legal] Hongik University 5 minutes | Yeonnam 8 minutes | Sinchon 8 minutes | Luggage storage available | Two rooms | 1st floor | 1 queen + 1 sofa bed | Allergy-free hotel bedding,서북권,Entire home/apt,Entire home,4.0,1.0,2.0,1.0,36.0,150.86660494007643,37.71665123501911,112.4,28.1,5.0163960353846,4.722063937459591
1460889663307793806,[Gangnam] Sweet and emotional! 3 minutes from Gangnam Hakdong Station | 4 people #KPOP #GangnamSex #Wedding #COEX,동남권,Entire home/apt,Entire home,4.0,2.0,2.0,1.0,36.0,147.83637658444255,36.95909414611064,112.4,28.1,4.99610609855922,4.722063937459591
1522475533439185932,1 stop from Hongik University Station | Direct access to the Airport Railroad | Accommodation for family and group travel,서북권,Private room,Private room in home,8.0,3.0,4.0,,42.0,120.34010315648287,15.042512894560359,114.8,14.35,4.790321927000438,4.743191483885466
13033341,midam guest house_2 private room,도심 핵심권,Private room,Private room in bed and breakfast,3.0,1.0,,,22.0,239.14861006194997,79.71620335398332,149.4,49.800000000000004,5.477085158116734,5.006627272698717
1719527272437082554,[NEW] 5 minutes from Hyehwa Station / 3 queen beds / Seoul National University Hospital / Enjoy a walk from Naksan Park to DDP and the night view,도심 핵심권,Entire home/apt,Entire home,6.0,2.0,3.0,1.0,52.0,181.13860625157227,30.18976770859538,112.4,18.733333333333334,5.199262518601049,4.722063937459591
1725933055051273419,WECO STAY Chungmuro (Deluxe Quadruple Tower View),도심 핵심권,Entire home/apt,Entire rental unit,4.0,1.0,3.0,1.0,30.0,189.6516544052771,47.412913601319275,338.4,84.6,5.245188991562596,5.824228627732068
1672766390976429329,[Seoul Trip] Comfortable Double Room for Sleeping #Gardidan #Goodidan #Gocheok Dome #1-Minute Walk to Bus Stop,서남권,Private room,Room in hotel,2.0,,1.0,,24.0,49.37575371358888,24.68787685679444,26.0,13.0,3.89945948819012,3.258096538021482
1558295765536053733,2BR+Big Living Room/10 min to Seoul Stn/6 Guests/,도심 핵심권,Entire home/apt,Entire home,6.0,2.0,3.0,1.0,42.0,114.0274953221973,19.00458255369955,111.4,18.566666666666666,4.736439606350396,4.713127327493184
1686649514815127173,"[Onjae Jongro 3] 5 minutes by subway, #Myeong-dong within walking distance #Dongdaemun #Gwangjang Market #Gyeongbokgung Palace",도심 핵심권,Entire home/apt,Entire home,4.0,1.0,2.0,1.0,36.0,165.65066806720725,41.41266701680181,162.2,40.55,5.109881161742344,5.088830141681313
857591068908446584,WECO STAY Dongdaemun (Deluxe Triple B_2),도심 핵심권,Entire home/apt,Entire rental unit,3.0,1.0,2.0,1.0,49.0,192.26221629323393,64.08740543107798,163.2,54.4,5.258860150154885,5.094976442530006
1724336605367036472,#Yeouido #National Assembly Station #The Hyundai Seoul Glad House,서남권,Private room,Room in hotel,2.0,,1.0,,16.0,129.65609578063737,64.82804789031869,321.0,160.5,4.86488552808447,5.771441123130016
1668923490709309522,~Women Only~ Capsule [G],서북권,Private room,Private room in home,1.0,,1.0,,7.0,32.0816309152396,32.0816309152396,26.2,26.2,3.4682836207097836,3.265759410767051
1701353525262044162,39-Hongdae Private Dormitory House [Female only],서북권,Shared room,Shared room in home,1.0,,1.0,5.0,10.0,17.344489929504743,17.344489929504743,15.0,15.0,2.8532748726387602,2.70805020110221
1557115685256034010,3 minutes on foot from Gyeongbokgung Station - 2nd floor private hanok [Arinjeong],도심 핵심권,Entire home/apt,Entire home,6.0,3.0,3.0,2.0,30.0,332.23399917905124,55.37233319650854,364.2,60.699999999999996,5.805839537454144,5.897703167293508
1455767625666959929,Experience Korean Tradition with Modern Comfort,도심 핵심권,Entire home/apt,Entire home,8.0,3.0,4.0,2.0,42.0,314.0528221292409,39.25660276615511,335.0,41.875,5.749561195101825,5.814130531825066
1528240539285025913,"Family Stay, Kids Friendly / MS Stay Family House4",도심 핵심권,Entire home/apt,Entire rental unit,4.0,2.0,2.0,1.5,42.0,280.8885804496579,70.22214511241448,330.2,82.55,5.637958079847221,5.799698531486028
1674329212755499167,"Jeongton: Mangwon-Memory (5 rooms, 10 beds, 3 bathrooms) Hongik University Station/Han River Park/Mangwon Market/2 minutes on foot from the subway station",서북권,Entire home/apt,Entire home,14.0,5.0,10.0,4.5,49.0,475.6159805123815,33.972570036598675,363.4,25.957142857142856,6.164610764993054,5.895504155962071
761799014860995916,[UH Suite] # City Hall Station # 1 minute walk # 2 person room # Jacuzzi # In-room spa # Gwanghwamun Square,도심 핵심권,Entire home/apt,Entire rental unit,2.0,1.0,1.0,1.0,37.0,259.07579507601156,129.53789753800578,321.2,160.6,5.557120663968444,5.7720639820726065
1256355723474368531,[5-Star bnb] Seoul Stn. walk 5m /Top7F w. Elevator,도심 핵심권,Entire home/apt,Entire home,7.0,2.0,4.0,1.0,56.0,204.45608369650824,29.208011956644036,331.0,47.285714285714285,5.320353202770522,5.802118375377063
1706374282042678353,1[NEW OPEN]R3T2 Highest quality brand new/2 minutes from COEX and Byeolmadong Library/Bongeunsa/Recommended for families and groups,동남권,Entire home/apt,Entire home,12.0,3.0,5.0,2.0,50.0,384.0161506560068,32.001345888000564,371.8,30.983333333333334,5.95068461070329,5.918356075287344
1683838629477723073,Parkview Stay Hongik University Station 10 seconds Private｜5Bed｜Private Terrace · BBQ,서북권,Entire home/apt,Entire rental unit,10.0,2.0,5.0,2.5,44.0,282.4323642890437,28.243236428904368,382.4,38.239999999999995,5.643439103475461,5.946467181177246
1305273861684182884,"Blossom 05 _Hongdae Station, 1st floor without stairs, cozy and spacious accommodation, 110m2",서북권,Entire home/apt,Entire home,10.0,3.0,5.0,2.0,46.0,327.28303453858,32.728303453858004,382.4,38.239999999999995,5.790825345573331,5.946467181177246
878700900097350429,[UH SUITE]#Jongro#Jonggak Station 1 minute#Cheonggyecheon#2 bedrooms 1 bathroom#Random assignment 2,도심 핵심권,Entire home/apt,Entire rental unit,6.0,2.0,3.0,1.0,30.0,411.376966492417,68.56282774873617,380.0,63.333333333333336,6.019509987543581,5.940171252720432
43808598,"[L7 Myeongdong Hotel] 1 minute from Myeongdong Station, boutique hotel, Olive Young/Daiso 3 minutes, Superior Twin",도심 핵심권,Private room,Room in boutique hotel,2.0,,3.0,,15.0,390.36345465522055,195.18172732761028,340.2,170.1,5.967078240155251,5.829533679961761
856975667579495061,WECO STAY Dongdaemun (Grand House),도심 핵심권,Entire home/apt,Entire rental unit,6.0,3.0,4.0,2.0,52.0,459.7127255796546,76.6187875966091,383.6,63.93333333333334,6.130601784786341,5.949600343009283
1713645717741231344,[Newly opened] #Private Jacuzzi#Emotional accommodation#Deoksugung Palace 3 minutes on foot#City view,도심 핵심권,Entire home/apt,Entire rental unit,2.0,1.0,2.0,2.0,31.0,371.7263799923255,185.86318999616276,385.4,192.7,5.918158045977568,5.954281755980266
1514278190060125407,Dongmyo Single Hanok with a Spacious Deck/Free Luggage Storage/Parking for 2 Cars/4 Air Conditioners/3 Rooms and 2 Bathrooms/Dongdaemun/5-Minute Walk to Lines 1 and 2 Stations,도심 핵심권,Entire home/apt,Entire home,9.0,3.0,5.0,2.0,56.0,356.6420375058177,39.626893056201965,381.6,42.400000000000006,5.876732582681518,5.944372939574132
1761512411748532065,[Euljiro 3-ga] Private Room/1 minute from Euljiro 3-ga Station/Myeong-dong within walking distance/Elevator,도심 핵심권,Entire home/apt,Entire home,10.0,2.0,5.0,2.0,33.0,365.84790850603036,36.584790850603035,433.6,43.36,5.902217696506346,6.072122450125437
1542423698639754923,Best location_Namsan_3BR 2BA_Terrace_5 minutes walk from Myeongdong Station,도심 핵심권,Entire home/apt,Entire rental unit,8.0,3.0,4.0,2.0,53.0,464.601545788053,58.07519322350662,428.8,53.6,6.14118014746821,6.060990609756592
1389691933773474109,Station 5min/No Hill/2bath/Myeongdong-DDP/2 Line Intersection/Convenience Store 9sec [Seoul Serenity],도심 핵심권,Entire home/apt,Entire home,8.0,3.0,4.0,2.0,39.0,328.3362479643998,41.04203099554997,376.8,47.1,5.794038229513512,5.931714542702208
626264612004566971,"A hanok crafted with affection, Blissful House",도심 핵심권,Entire home/apt,Entire home,3.0,1.0,2.0,1.0,42.0,295.4344920978144,98.47816403260481,390.2,130.06666666666666,5.688447127322238,5.96665942818901
1736882983975597556,Chili (A studio in Gangnam),동남권,Entire home/apt,Entire rental unit,2.0,1.0,1.0,1.0,20.0,106.50012714178175,53.25006357089087,71.4,35.7,4.668146178968314,4.268297869345539
1696143886790439834,Neat City Relaxation Sunset /Hongdae/Yeouido94,서남권,Private room,Room in hotel,2.0,,1.0,,42.0,72.64540609611166,36.32270304805583,75.8,37.9,4.285590154653065,4.328098292648326
53085171,"Buam Dong
Stunning mountain view☆Easy access",도심 핵심권,Entire home/apt,Entire home,4.0,2.0,3.0,1.0,48.0,146.7952308602597,36.69880771506492,180.4,45.1,4.989038628324759,5.1951766076285235
1606179102083789804,7mintoSNU Stn | Direct to Gangnam Hongdae | 2BR,서남권,Entire home/apt,Entire home,4.0,2.0,2.0,1.0,36.0,79.45140242357492,19.86285060589373,76.0,19.0,4.375145544476715,4.330733340286331
1406248678067781050,Studio Loft @hongdae @terrace/302,서북권,Private room,Private room in home,2.0,,2.0,,20.0,49.19239047403016,24.59619523701508,85.4,42.7,3.8957389463743843,4.447346100794524
1685573914585349120,Yeonnam Stay 1/Cozy Studio in the Center of Yeontral Park/3 minutes from Hongik University Station,서북권,Entire home/apt,Entire home,2.0,1.0,1.0,1.0,42.0,181.70041331508418,90.85020665754209,74.4,37.2,5.202359250111064,4.309455941839047
1373769319878347533,"5 people possible/Hongdae, Yeonnam/Yeonhee Cafe Street/2R2B/Entire floor/Bathtub/Family/Yonsei University/Seoul National University Severance Hospital",서북권,Entire home/apt,Entire home,5.0,2.0,3.0,1.5,43.0,207.43158100128443,41.48631620025689,107.8,21.56,5.334801555183534,4.680277658474897
1578774063390725575,Private Luxury｜5BR・4.5BA｜3min to subway Line 4&6,도심 핵심권,Entire home/apt,Entire home,10.0,5.0,5.0,4.5,56.0,635.7264557080425,63.572645570804255,320.6,32.06,6.454768369732136,5.770194240175453
700317766224882273,Seoul Center》A comfortable space like your own home (additional discount for long-term stays),도심 핵심권,Entire home/apt,Entire serviced apartment,2.0,1.0,1.0,1.0,45.0,141.7643277336406,70.8821638668203,109.0,54.5,4.954166014985877,4.6913478822291435
1474934458934307130,#Cheonggyecheon #Namdaemun Market #Gyeongbokgung Palace #Department Store Standard Twin,도심 핵심권,Private room,Room in boutique hotel,2.0,0.0,2.0,1.0,18.0,363.64907385035787,181.82453692517893,401.0,200.5,5.896189319781296,5.993961427306569
35782487,[RE-OPEN SALE] Sky room 5min from Hongik univ stn,서북권,Private room,Private room in home,4.0,,2.0,,55.0,90.6947907989501,22.673697699737524,80.6,20.15,4.507499922163578,4.389498649512583
1194830436772461564,명동역4min/3Room/4Bed/2Bath,도심 핵심권,Entire home/apt,Entire home,8.0,3.0,4.0,2.5,37.0,337.6272774270143,42.20340967837679,379.6,47.45,5.821942557523615,5.939118066735773
1395607392230682794,Clean and cozy. Just 3 minutes to the subway,도심 핵심권,Entire home/apt,Entire serviced apartment,3.0,1.0,2.0,1.0,60.0,155.68933226852565,51.89644408950855,197.0,65.66666666666667,5.047862561839702,5.2832037287379885
1669324658681941080,"NEW STAY 209, 5-minute walk from Sinchon Station, Line 2, Yeontral Park, Hongdae, popular, private accommodation for couples",서북권,Entire home/apt,Entire home,2.0,1.0,1.0,1.0,15.0,65.41252497903726,32.70626248951863,71.4,35.7,4.180713753567732,4.268297869345539
53319246,"Station5min, Myeong-dong10min@Hotel Bricks,S203",도심 핵심권,Private room,Private room in hostel,2.0,1.0,1.0,1.0,26.0,105.73226376914074,52.86613188457037,71.4,35.7,4.660910085364945,4.268297869345539
1648168727376263634,"Line 2_A 5-minute walk from Seoul National University Station | 7 minutes from Sharosu-gil | Hongdae, Gangnam, Jamsil, Myeong-dong, and Seongsu without transfers | 2 twin rooms or 2 queen rooms",서남권,Entire home/apt,Entire home,4.0,2.0,2.0,1.0,44.0,85.6503325383409,21.412583134585226,76.4,19.1,4.450273107288464,4.335982696172475
934591029016362574,Myeongdong 123 Hostel/Double Room/Private Bathroom #netflix#rooftop,도심 핵심권,Private room,Private room in hostel,2.0,1.0,1.0,1.0,17.0,64.85809486898579,32.429047434492894,71.4,35.7,4.172201727475002,4.268297869345539
1600992838568072612,Seohouse,동남권,Entire home/apt,Entire home,4.0,2.0,2.0,1.0,30.0,89.48253085411783,22.370632713529456,72.0,18.0,4.494043420242035,4.276666119016055
1165988519291505315,[Room 401] 1-minute walk from Dongdaemun History and Culture Park Station / Cozy accommodation next to a playground in the city,도심 핵심권,Entire home/apt,Entire rental unit,1.0,1.0,,1.0,25.0,50.08028645542012,50.08028645542012,71.8,71.8,3.9136274467319563,4.273884476054178
11346105,(산방)TraditionalHouse&3min Jongno3ga Station (Exit7),도심 핵심권,Hotel room,Room in bed and breakfast,2.0,1.0,1.0,1.0,22.0,91.23863152123272,45.61931576061636,71.6,35.8,4.513478398632429,4.2710950739666
1635247877242189777,Luxury Penthouse • Private Gym • Steps to Metro,서북권,Entire home/apt,Entire rental unit,9.0,4.0,5.0,2.0,55.0,472.8971522514605,52.544128027940054,418.4,46.48888888888889,6.158877927748553,6.0364379127507135
1587320350773904839,Pipe Hostel Dongdaemun 101,도심 핵심권,Private room,Private room in hostel,2.0,,1.0,,26.0,83.91863262987144,41.95931631493572,78.6,39.3,4.42984767022164,4.364371699435161
1060701314261278840,Seochon Hew Hew,도심 핵심권,Entire home/apt,Entire home,5.0,2.0,3.0,1.0,40.0,264.62300680389774,52.92460136077955,72.0,14.4,5.578306197273229,4.276666119016055
1257121242673353150,[합법숙소]new 6BR & 4Bath & 10Bed for big group,서북권,Entire home/apt,Entire home,16.0,6.0,10.0,4.0,39.0,392.7750998126792,24.54844373829245,423.4,26.4625,5.973237182955401,6.048317358700765
1601256904750539670,[Two Rooms] Zion Stay/Hyeokseok Station 5-minute walk/Jungdaejeongmun 1-minute walk,서남권,Entire home/apt,Entire home,4.0,2.0,2.0,1.0,23.0,158.04526948405305,39.51131737101326,71.6,17.9,5.0628815077110305,4.2710950739666
1669416940355975017,Stayon (溫) Myeongdong/Dongdaemun/DDP/Hyehwa/Seoul National University Hospital/Gwanghwamun/Jongno/Seoul Station/Namdaemun/Seongsu/Bukhansan,북동 외곽권,Entire home/apt,Entire home,6.0,2.0,3.0,1.0,32.0,129.26290407932674,21.54381734655446,72.0,12.0,4.861848346542968,4.276666119016055
1256180253624683819,[Jamsil_ba] Cozy room with queen bed_Jamsil,동남권,Entire home/apt,Entire rental unit,2.0,1.0,1.0,1.0,30.0,69.04185614533925,34.520928072669626,72.0,36.0,4.234712931485317,4.276666119016055
907176923086032860,The Golden Aowers Stay/5 minutes walk from Bangi Station/Olympic Park/KSPO DOME/Lotte World,동남권,Entire home/apt,Entire home,4.0,2.0,1.0,1.0,29.0,99.73785459510376,24.93446364877594,71.4,17.85,4.6025452899117365,4.268297869345539
1681056899783098638,[NEW] KSPO • Olympic Park • Lotte World • Asan Hospital • Jamsil Indoor Stadium • COEX • Airport Bus • 3 minutes from Dunchon Station,동남권,Entire home/apt,Entire home,4.0,2.0,2.0,1.0,36.0,93.60088250825473,23.400220627063682,71.6,17.9,4.539039811946093,4.2710950739666
38732346,[Hongdae] 2beds / Stn 3min/ Women only / Cat house,서북권,Private room,Private room in rental unit,2.0,,2.0,,35.0,97.28289617847747,48.641448089238736,71.2,35.6,4.5776231893462125,4.26549281841793
43281320,[Exciting & Convenient Place]@Hongdae/Yeonnamdong,서북권,Entire home/apt,Entire rental unit,2.0,1.0,1.0,1.0,35.0,115.75125297094299,57.87562648547149,71.8,35.9,4.751443517710719,4.273884476054178
1317395590796179205,"3 minutes from Sillim Station, 2–4 guests, convenient airport transfers, early/late check-in/out available",서남권,Entire home/apt,Entire rental unit,4.0,1.0,2.0,1.0,37.0,70.1712818034193,17.542820450854826,71.4,17.85,4.250939136211782,4.268297869345539
1441724227727925389,Soo cozy stay,서북권,Entire home/apt,Entire home,6.0,3.0,4.0,1.0,50.0,145.85925165136612,24.309875275227686,71.2,11.866666666666667,4.982642126947602,4.26549281841793
1487546956329095076,Gangdong Station 5 minutes/100-inch Beam/Switch/ksop/Olympic Park/Jamsil/Songpa/Songridan-gil/IKEA/D1,동남권,Entire home/apt,Entire home,2.0,1.0,1.0,1.0,24.0,71.91299273008283,35.95649636504142,71.8,35.9,4.2754569539661516,4.273884476054178
46078992,"[Family Twin] Euljiro, Myeongdong #Rooftop is a pretty hotel Midcity Myeongdong",도심 핵심권,Private room,Room in hotel,4.0,1.0,4.0,1.0,38.0,296.9115774246886,74.22789435617214,379.8,94.95,5.693434375366775,5.939644798378185
1554122614958420023,[Seoul/Jongno/Dongdaemun] Spacious 145㎡ private house for large families (4BR/2BA),도심 핵심권,Entire home/apt,Entire rental unit,10.0,4.0,5.0,2.0,49.0,397.56510638244265,39.756510638244265,379.2,37.92,5.985358710323693,5.938063770380866
1655414841154220113,"[Central] 6 minutes to Seoul Station, 3R 5B 2BATH spacious house.",도심 핵심권,Entire home/apt,Entire rental unit,10.0,3.0,5.0,2.0,63.0,463.59379343378885,46.35937934337888,410.6,41.06,6.139008723614523,6.017619504584833
1667191821057102444,"[Airport Connection] The perfect start and end to your trip to Korea, Dream Stay 702",서북권,Private room,Room in hotel,2.0,,1.0,,29.0,82.41514728643652,41.20757364321826,71.4,35.7,4.411769246313149,4.268297869345539
1084470974205734602,[New Open] 3room/2bath/Myeongdong Station 4-minute walk,도심 핵심권,Entire home/apt,Entire home,8.0,3.0,,2.0,31.0,341.49141094833277,42.686426368541596,415.6,51.95,5.833322527737988,6.029723259225072
1760934976579188592,Upper House near Gyeongbokgung | Terrace & Garden,도심 핵심권,Entire home/apt,Entire home,10.0,3.0,5.0,2.0,60.0,454.02567052906073,45.40256705290607,409.0,40.9,6.118153739458404,6.013715156042802
1648265896360987975,Stay savage unit101,북동 외곽권,Entire home/apt,Entire home,4.0,1.0,2.0,1.0,11.0,147.17246485104883,36.79311621276221,71.4,17.85,4.991605129361168,4.268297869345539
1357853593980403768,3. 1-minute walk from Exit 4 of Sindang Station – Private single room with private bathroom,도심 핵심권,Private room,Room in hotel,1.0,1.0,1.0,1.0,32.0,58.59321973286176,58.59321973286176,71.6,71.6,4.0706189856713415,4.2710950739666
1733031719564781218,"Open special offer, next to a workshop, in a peaceful residential area, 6 minutes from Sagajeong Station, luxury bedding #Sangbong Station #Gunja Station #Seongsu Station #Seoul",북동 외곽권,Entire home/apt,Entire home,4.0,1.0,2.0,1.0,34.0,107.53378449517055,26.883446123792638,71.6,17.9,4.67780507256755,4.2710950739666
1127955248213861771,Mapo Hongik University World Cup Stadium/3 beds/Convenient location/Safe and clean accommodation/5 minutes from subway station/1 minute from convenience store,서북권,Entire home/apt,Entire home,4.0,2.0,3.0,1.0,40.0,101.53498463193344,25.38374615798336,72.0,18.0,4.620403415271339,4.276666119016055
26674166,Modern Balcony Studio Instant Booking @THE LAB,동남권,Entire home/apt,Entire rental unit,2.0,1.0,1.0,1.0,39.0,136.5605594906611,68.28027974533055,72.4,36.2,4.916768175509581,4.282206299391671
1461176825655854217,Free luggage storage / 3-minute walk from Sinsa Station / PFK / 3 air conditioners / Gangnam / Garosu-gil / Gyeongbokgung Palace / Myeong-dong / Jongno / Hongdae / Seongsu / KSPO,동남권,Entire home/apt,Entire rental unit,6.0,2.0,3.0,1.0,40.0,176.56611331907536,29.427685553179227,127.6,21.266666666666666,5.173695385947361,4.848900370910689
1394689175628277361,"3 minutes on foot from Seongsu Station, the center of Yeonmujang-gil, Seongsu-dong Cafe Street, a minimal mood with warm sensibility",동남권,Entire home/apt,Entire rental unit,3.0,1.0,2.0,1.0,45.0,129.7599878715592,43.25332929051973,126.4,42.13333333333333,4.865686496898843,4.839451481712757
1161028025329276895,"Dream House_ Hongik University Station, Mangwon Station, Free Parking, 2 Queen Beds, Early Check-in",서북권,Entire home/apt,Entire rental unit,4.0,1.0,2.0,1.0,38.0,185.1846321848218,46.29615804620545,91.6,22.9,5.221353339205487,4.517431271680085
1066932578683738475,#One-month-stay-special-price#Seoul#Hongik University Station#10-minutes-on-foot#Co-working#Various-common-areas# / Superior Single,서북권,Entire home/apt,Entire rental unit,1.0,1.0,1.0,1.0,41.0,89.4891523422767,89.4891523422767,88.0,88.0,4.494117415055557,4.477336814478207
622011219126340470,stay. normal things,서북권,Entire home/apt,Entire rental unit,3.0,2.0,2.0,1.0,46.0,144.86674164243885,48.28891388081295,138.8,46.26666666666667,4.975814296704285,4.933034048072704
1232516115184579439,For*rest Stay #SpaciousAccommodation #ConvenientTransportation #Wangsimni #Sangwangsimni #Seongsu #HanyangUniversity #SeoulForest,도심 핵심권,Entire home/apt,Entire home,5.0,2.0,3.0,1.0,30.0,152.3056912255801,30.461138245116018,119.6,23.919999999999998,5.025889627722826,4.784152841516532
1683376107167844544,"Single-family house | AREX Hongik University Station, Mangwon Market 10 minutes | 2 rooms, 4 queen beds",서북권,Entire home/apt,Entire home,8.0,2.0,4.0,1.0,36.0,174.4519062374667,21.806488279683336,121.4,15.175,5.1616490947010085,4.799090878625398
1213881520407631988,"[Deluxe Triple] Harmony of tradition and modernity, accommodation for 3 people in Hanok style near Changdeokgung Palace",도심 핵심권,Private room,Room in hotel,3.0,1.0,2.0,1.0,28.0,217.37541835364553,72.4584727845485,322.6,107.53333333333335,5.381625897243707,5.776413165691109
34237726,[2-2 OH C] Hongik Univ. 1 min walk. New Building!,서북권,Private room,Private room in home,2.0,,1.0,,20.0,104.27176454142426,52.13588227071213,71.4,35.7,4.647000611468558,4.268297869345539
1034750945775345184,[Slow Stay] Samcheong-dong Spacious Residential Area #Friendly Trip #Family Trip #Bukchon,도심 핵심권,Entire home/apt,Entire home,4.0,1.0,2.0,1.0,29.0,264.2267563699589,66.05668909248972,119.8,29.95,5.576807660124558,4.785823685681349
1742056134448632286,2 minutes to Gyeongbokgung Station | 1 minute to Airport Bus | Gwanghwamun | Jongno | Euljiro | Myeong-dong | Seoul Station | Free luggage storage | Cozy and comfortable accommodation,도심 핵심권,Entire home/apt,Entire home,4.0,2.0,2.0,1.0,35.0,234.19282475983348,58.54820618995837,121.6,30.4,5.456144813460442,4.800736969532067
1480740780669824615,"[Myeongdong, Seoul Station 10 minutes] Seongsu, Hongdae 25 minutes • 1 person, 1 bed • 3R5BD • Over 300 restaurants • Family accommodation • Naksan Park",도심 핵심권,Entire home/apt,Entire home,9.0,3.0,5.0,1.0,49.0,263.4580169118107,29.27311299020119,120.6,13.399999999999999,5.573894026679337,4.792479284293085
1254987707464553422,Direct access to the Airport Railroad·6 minutes on foot from DMC Station·Hongdae and Itaewon without transfers|Safe·Clean·Convenient transportation·Quiet|Stylish 2 rooms for 4 people,서북권,Entire home/apt,Entire home,4.0,2.0,3.0,1.0,46.0,108.29602287797304,27.07400571949326,121.2,30.3,4.684868430137554,4.797442073635214
43718205,"[Best] Make beautiful memories in our own space. Emotional accommodation, Jongno location, 2 rooms",도심 핵심권,Entire home/apt,Entire home,4.0,2.0,3.0,1.0,47.0,166.67381639642366,41.668454099105915,75.4,18.85,5.116038707212515,4.32280727501391
1626015855115467008,"[Holy Water] K-Beauty Pop-Up | Myeong-dong, Dongdaemun, Gangnam, Jamsil | 3-Minute Airport Bus & Free Luggage Storage",동남권,Entire home/apt,Entire home,4.0,2.0,2.0,1.0,45.0,138.05553605352426,34.513884013381066,120.2,30.05,4.927656039372356,4.789157022101107
1367763497190971280,The Hideout Villa Hongdae [3LDK],서북권,Entire home/apt,Entire home,6.0,3.0,3.0,1.0,50.0,171.9355630235197,28.65592717058662,119.8,19.966666666666665,5.1471197730365725,4.785823685681349
1366510632327654552,[Gangnam Stay]Seolleung st 3min/Private Spa/3 beds,동남권,Entire home/apt,Entire rental unit,6.0,2.0,3.0,2.0,31.0,492.0370869842663,82.00618116404438,428.2,71.36666666666666,6.198554093700697,6.059590376155582
1717014286984873643,"2-minute walk from Hongik University Station / Airport Railroad / Gyeongui Line Forest Road / Mangwon Market / Myeong-dong, Namsan / 1st floor / Entire home available / Luggage storage",서북권,Entire home/apt,Entire rental unit,6.0,2.0,3.0,1.0,33.0,184.7104393409738,30.785073223495633,121.6,20.266666666666666,5.218789406133004,4.800736969532067
54149231,NEW OPEN / LUXURY / Hongdae stn gate 7 in 10sec,서북권,Entire home/apt,Entire home,4.0,1.0,2.0,1.0,41.0,191.9099123569292,47.9774780892323,120.8,30.2,5.257026055441652,4.794136285500715
1494064460568779944,"New construction, luxury massage chair, 5 minutes from subway, 3 minutes from airport bus #2",동남권,Entire home/apt,Entire rental unit,4.0,1.0,1.0,1.0,48.0,170.74643939097106,42.686609847742766,119.8,29.95,5.140179645471961,4.785823685681349
1649896957870062930,#Seoul Station#7-Minute Walk#2026 Remodeling#Accommodates 4 People#Netflix#Washing Machine#Induction Stove#Self-Catering,도심 핵심권,Entire home/apt,Entire home,4.0,2.0,2.0,1.0,24.0,218.84786944678507,54.71196736169627,119.8,29.95,5.388376828368064,4.785823685681349
28477437,"Hi,DongDaeMun HANOK GUESTHOUSE.(2P)",도심 핵심권,Private room,Private room in home,2.0,1.0,,,28.0,89.45781523193124,44.72890761596562,89.2,44.6,4.493767175975336,4.490881039585964
850262712902059145,"3 minutes to Chungmuro Station · Clean, fully equipped · Random room assignment",도심 핵심권,Entire home/apt,Entire serviced apartment,2.0,1.0,1.0,1.0,46.0,146.2476023642521,73.12380118212604,150.8,75.4,4.985301091886997,5.015954455573856
816274896305910998,Aroma House/ Hongik Station Exit No.3 8mins,서북권,Entire home/apt,Entire home,4.0,2.0,2.0,1.0,35.0,238.59904250233106,59.649760625582765,120.4,30.1,5.474784496673077,4.79081953287472
1752046520945064577,,도심 핵심권,Private room,Room in hotel,2.0,,,,9.0,276.9096835799351,138.45484178996756,402.4,201.2,5.623691400962813,5.9974466187855295
1296987333022265042,[Sale] # HongdaeStn5Mins # 2Room3Beds # STAY U,서북권,Entire home/apt,Entire home,5.0,2.0,3.0,1.0,41.0,144.94653536077965,28.98930707215593,121.2,24.240000000000002,4.976364952776237,4.797442073635214
857503434363762004,WECO STAY Dongdaemun (Deluxe Triple A_3),도심 핵심권,Entire home/apt,Entire rental unit,3.0,1.0,2.0,1.0,47.0,180.7308869610658,60.243628987021935,150.4,50.13333333333333,5.197009112493701,5.0132984115157395
702604030105923600,[5-min to Metro] Mangrove Dongdaemun | Single Room,도심 핵심권,Private room,Room in hotel,1.0,1.0,1.0,1.0,41.0,77.71513422494795,77.71513422494795,155.0,155.0,4.353050016076752,5.043425116919247
740871325153055940,HOUSE OF Abraham,도심 핵심권,Entire home/apt,Entire rental unit,2.0,1.0,1.0,1.0,54.0,127.18679705163652,63.59339852581826,151.0,75.5,4.845656848754901,5.017279836814924
1756132565187550224,Dongdaemun/DDP 10m/Myeongdong 20m/Namdaemun 15m,도심 핵심권,Entire home/apt,Entire home,8.0,2.0,4.0,1.0,40.0,195.4895343309775,24.436191791372188,152.8,19.1,5.2755068451586125,5.02912987673242
1621704013513543088,1 min Sillim Stn | Terrace | 4 Beds | Park | Store,서남권,Entire home/apt,Entire home,5.0,2.0,4.0,1.0,45.0,88.51100964819295,17.70220192963859,88.6,17.72,4.483126947080937,4.484131857611035
53298555,"Station5min, Myeong-dong10min@Hotel Bricks,S104",도심 핵심권,Private room,Private room in hostel,2.0,,1.0,,28.0,74.02673824929985,37.01336912464993,71.4,35.7,4.3044263556342806,4.268297869345539
14542210,Ja-un-dang Bukchon,도심 핵심권,Entire home/apt,Entire home,6.0,3.0,,1.0,42.0,328.13003779745475,54.68833963290913,420.2,70.03333333333333,5.793409986515509,6.0407307884109
641538350890065289,"[Rest, 019] Up to 3 people MRT 3 lines 3 minutes on foot ｜ Bidet | Recommended accommodation for traveling in Seoul",도심 핵심권,Entire home/apt,Entire serviced apartment,3.0,1.0,2.0,1.0,44.0,143.4878459283422,47.82928197611407,165.8,55.26666666666667,4.966250334249183,5.110782242701195
1711368489507940530,Sunny House #301,서북권,Entire home/apt,Entire rental unit,2.0,1.0,1.0,1.0,27.0,109.22881379009044,54.61440689504522,71.6,35.8,4.693444891051821,4.2710950739666
1679714404694818913,Moon guest house * walk distance from hongdae stn.,서북권,Entire home/apt,Entire rental unit,2.0,0.0,1.0,1.0,21.0,85.68930097911854,42.84465048955927,71.2,35.6,4.45072797509283,4.26549281841793
1185112947335498624,Comfort House,동남권,Entire home/apt,Entire rental unit,3.0,1.0,2.0,1.0,43.0,127.59280657360726,42.53093552453576,145.4,48.46666666666667,4.84884399450658,4.979488565099419
53221736,"[Rest, 311] Namsan View | Myeongdong | MRT 3 lines 3 min | Airport bus | Bidet",도심 핵심권,Entire home/apt,Entire serviced apartment,2.0,1.0,1.0,1.0,49.0,151.0764139966085,75.53820699830425,162.0,81.0,5.0177857617709805,5.087596335232384
771203748230757064,Minimal & high-end life. #FullOption,동남권,Entire home/apt,Entire rental unit,2.0,1.0,1.0,1.0,49.0,126.00479044097273,63.00239522048636,146.6,73.3,4.836319925601559,4.987707789452551
1752481198829387354,#New #AREX #Mapo Station 3-minute walk #Gongdeok Station #Airport Railroad #Airport Bus #Hongdae #Myeong-dong #Hotel Bedding,서북권,Entire home/apt,Entire home,6.0,3.0,4.0,1.0,30.0,166.3686531596696,27.728108859944935,148.8,24.8,5.114206128186996,5.002603122398992
1199289407051439115,Boan Stay Room 42,도심 핵심권,Private room,Private room in serviced apartment,2.0,1.0,1.0,1.0,18.0,83.48521704632654,41.74260852316327,145.4,72.7,4.424669574821779,4.979488565099419
1112820959815389694,"[Superior Family] 2F, 2 Queen Beds",동남권,Private room,Room in aparthotel,4.0,1.0,2.0,1.0,39.0,195.65406047050413,48.913515117626034,146.4,36.6,5.276348102187573,4.986342601527212
1553612349991678690,Itaewon High-End Modern House 5 minutes from Itaewon Station • Hannam • Myeong-dong • Gwanghwamun • Gyeongbokgung Palace • Bukchon • National Museum of Korea,도심 핵심권,Entire home/apt,Entire home,6.0,2.0,3.0,1.0,22.0,205.2496070307641,34.208267838460685,148.0,24.666666666666668,5.3242268337424665,4.997212273764115
1478744233395855015,Modern 3bed near Hongdae and Hangang Park: 3 minutes from Hongdae Street · 5 minutes from Sangsu Station,서북권,Entire home/apt,Entire home,6.0,2.0,3.0,1.0,45.0,120.55541509092579,20.092569181820966,147.8,24.633333333333336,4.792109523493267,4.995860008514102
1437631996079045318,Seoul Station KTX Subway 3 minutes on foot | Luggage storage | Namsan Myeong-dong Gwanghwamun Jongno Gyeongbokgung Quick access,도심 핵심권,Entire home/apt,Entire home,4.0,2.0,2.0,1.0,37.0,127.77546381058076,31.94386595264519,142.2,35.55,4.8502745345486025,4.95723451736914
1522220492800334615,"[Renewal Discount] Sinsa-dong, Apgujeong, Seongsu-dong, Gyeongbokgung Palace - Best Location - Beautiful Private Villa",동남권,Entire home/apt,Entire rental unit,6.0,2.0,4.0,1.0,42.0,164.83716138583753,27.472860230972923,144.8,24.133333333333336,5.104958085901557,4.975353479951616
1579568612150390624,"[Emotional Accommodation]
7 minutes from Sillim Station/Gangnam • Hongdae • Myeongdong/Kochek Dome K-pop/K-beauty/Airport bus",서남권,Entire home/apt,Entire home,3.0,2.0,2.0,1.0,31.0,66.87103102502671,22.290343675008902,71.6,23.866666666666664,4.2027658542964605,4.2710950739666
1679280588769261808,[NEW]AREX4min•Hongdae•24hr CI•Free Luggage,서북권,Entire home/apt,Entire rental unit,6.0,2.0,3.0,1.0,54.0,136.71419459167342,22.785699098612238,146.2,24.366666666666664,4.917892575878834,4.9849755473156785
1685861902086898927,[Rohanine 1] Aesthetic Accommodation | Gangnam Accommodation for 4 People | 2 Queen Beds | 5 Minutes to Sinnonhyeon Station | Free Parking | Ground-Floor,동남권,Entire home/apt,Entire home,4.0,2.0,2.0,1.0,36.0,173.75633707317297,43.43908426829324,122.4,30.6,5.1576539561433865,4.807294370078226
1663021296605372701,Renovated 2026 Gangnam COEX Royal Park Private Residence 133m2,동남권,Entire home/apt,Entire condo,10.0,3.0,6.0,2.0,92.0,550.9361316302922,55.09361316302922,431.2,43.12,6.31161888887778,6.066572019594787
1397589246478254459,[View of Bukhansan and Buam-dong right in front of you] Private house / Taxi fare support / Tea ceremony / Meditation,도심 핵심권,Entire home/apt,Entire home,7.0,4.0,4.0,1.0,47.0,210.73761110580486,30.10537301511498,145.2,20.74285714285714,5.350613810365482,4.978112102390695
1360501206362848702,[Jongno Anuk] 5 minutes from Anguk Station!Standard A+ Annex Bath (available after 9 pm) #Exclusive Annex Bath #Jongno Sensory Accommodation,도심 핵심권,Entire home/apt,Room in aparthotel,2.0,1.0,1.0,1.0,39.0,371.41386933273964,185.70693466636982,148.8,74.4,5.917316991605149,5.002603122398992
1613706370951111895,[Gangnam Zen] Free luggage storage/3 air conditioners/5 minutes from Sinnonhyeon/direct airport bus/Seongsu Jamsil Hongdae Myeong-dong,동남권,Entire home/apt,Entire rental unit,8.0,3.0,3.0,1.0,40.0,264.95716822498986,33.11964602812373,120.8,15.1,5.579568183583132,4.794136285500715
1394897977861916401,Hongdae 4 minutes/Sinchon 2 minutes/Myeongdong 7 minutes/Sebrans/3 minutes walk from Ewha Womans University Station/2 bedrooms,서북권,Entire home/apt,Entire home,6.0,2.0,2.0,1.0,36.0,172.99171118257456,28.831951863762427,122.4,20.400000000000002,5.153243681110498,4.807294370078226
19865448,Boan Stay Room 32,도심 핵심권,Private room,Private room in serviced apartment,2.0,1.0,2.0,1.0,29.0,138.44070462356194,69.22035231178097,121.8,60.9,4.930442108493875,4.802380355275797
1475707046723296125,[Free Parking] Nonhyeon Station 5 minutes/Airport Bus 10 minutes/4 people/Garosu-gil/Gangnam Station 5 minutes/COEX 10 minutes/Namsan Tower 20 minutes,동남권,Entire home/apt,Entire rental unit,4.0,1.0,2.0,1.0,42.0,169.448751855958,42.3621879639895,124.6,31.15,5.13255053217145,4.825108606353353
1026497743620776601,"&017 | Myeong-dong, Euljiro, Namsan | 3 minutes from the station | Airport bus | Fully equipped | City view",도심 핵심권,Entire home/apt,Entire rental unit,2.0,1.0,1.0,1.0,40.0,157.07261021674483,78.53630510837242,162.8,81.4,5.056708183891845,5.09252245356844
1268546349747671612,WECO STAY Insadong (Standard Triple A_1),도심 핵심권,Entire home/apt,Entire rental unit,3.0,1.0,2.0,1.0,34.0,189.86861367690977,63.28953789230326,153.4,51.13333333333333,5.246332325995634,5.0330488889331555
1556207347537171988,! Fall SALE! 7 minutes from Hongik University Station/Yeonnam-dong/best for 3 people,서북권,Entire home/apt,Entire loft,5.0,2.0,4.0,1.0,35.0,118.18210981771698,23.636421963543395,124.4,24.880000000000003,4.772226738336587,4.823502180305079
1746931486537664669,Cote Blanc for those who love romance,도심 핵심권,Entire home/apt,Entire home,5.0,3.0,2.0,2.0,21.0,261.00696251106785,52.20139250221357,146.6,29.32,5.564547083254504,4.987707789452551
1406290340521627652,"Deluxe Family Room, Myeongdong 10 minutes, City Hall Station, Gwanghwamun 3 minutes / Clean and safe New Seoul Hotel",도심 핵심권,Entire home/apt,Room in aparthotel,4.0,1.0,2.0,1.0,11.0,352.9053282755238,88.22633206888095,316.4,79.1,5.86619982910939,5.757007235893499
1017044468799295762,"[M House 01] Modern Studio Stay in Seocho, Gangnam",동남권,Entire home/apt,Entire serviced apartment,2.0,1.0,1.0,1.0,46.0,112.85806713009845,56.429033565049224,120.2,60.1,4.726130986132584,4.789157022101107
1444649405208790955,[AC PALACE_2bedroom Family] Newly opened # 5 minutes walk from Yeoksam Station # Long-term stay # Family accommodation,동남권,Entire home/apt,Entire rental unit,3.0,1.0,2.0,1.0,28.0,185.97487073980395,61.99162357993465,328.2,109.39999999999999,5.2256115610364535,5.793623178655991
1490982559172317879,"Spring of Seogyo, 5-minute walk from Hongik University Station",서북권,Entire home/apt,Entire home,16.0,5.0,10.0,4.0,44.0,551.789046443315,34.48681540270719,320.4,20.025,6.313165810994125,5.769570215194204
1357002422981943410,Verve Seoul Gangnam Family & Friends,동남권,Entire home/apt,Entire rental unit,8.0,3.0,5.0,2.0,50.0,431.4493965031424,53.9311745628928,339.0,42.375,6.067150230189037,5.82600010738045
1511563159567670088,5sec to Gangnam st. Elevator. BigDesk. Lugga keep,동남권,Entire home/apt,Entire rental unit,2.0,1.0,1.0,1.0,40.0,156.808244820366,78.404122410183,122.0,61.0,5.055023688296473,4.804021044733257
1741283508086089957,[seoulsori_203]#Jongno #Gwangjang Market #Changgyeonggung Palace #Gyeongbokgung Palace #Myeong-dong #Seoul Station #Seoul National University Hospital,도심 핵심권,Entire home/apt,Entire rental unit,4.0,1.0,2.0,1.0,37.0,173.57683700721643,43.39420925180411,147.2,36.8,5.15662036594624,4.991792206294776
1422060710458567195,[AC PALACE_2bedroom Family] Newly opened # 5 minutes walk from Yeoksam Station # Long-term stay # Family accommodation,동남권,Entire home/apt,Entire serviced apartment,3.0,1.0,2.0,1.0,28.0,182.30111166491025,60.76703722163675,328.2,109.39999999999999,5.205659779663338,5.793623178655991
623517310006732130,Potato Alley - No domestic guests,서북권,Entire home/apt,Entire home,6.0,3.0,5.0,1.5,51.0,210.35567263191894,35.05927877198649,342.0,57.0,5.34879977725988,5.834810737062605
855909317183645945,4BR Designer House in Hongdae,서북권,Entire home/apt,Entire home,13.0,4.0,7.0,2.0,37.0,456.263799402903,35.09721533868485,342.0,26.307692307692307,6.123071149705959,5.834810737062605
770131896651327239,"Emma(Best location & first floor, 3 rooms, 2 bath)",도심 핵심권,Entire home/apt,Entire home,8.0,3.0,4.0,2.0,38.0,343.47393939796854,42.93424242474607,334.6,41.825,5.83911124094723,5.812935788552724
1638327297389500067,"3 rooms for 10 people, 3 bathrooms, 5 beds ㅣ 5-minute walk from Hongik University Station on the Airport Railroad ㅣ Free parking",서북권,Entire home/apt,Entire home,10.0,3.0,5.0,3.0,64.0,420.20482173496066,42.02048217349606,314.2,31.419999999999998,6.040742263202182,5.750029725821521
1370833114948834259,[Urban lounge] Perfect vacation with a lover or friend,동남권,Entire home/apt,Entire rental unit,4.0,1.0,2.0,1.0,31.0,303.7606763800729,75.94016909501822,332.0,83.0,5.716240142613433,5.805134968916488
1393998287692290760,Cheonho·Amsa/KSPO Parking Lotte World Asan Hospital Olimo Deling Sensory Design [Serene],동남권,Entire home/apt,Entire home,6.0,2.0,3.0,1.0,42.0,106.50828514496693,17.75138085749449,71.6,11.933333333333332,4.668222776912044,4.2710950739666
858266808971325356,"[Gangnam • 3 minutes from Namsa Terminal, high-rise] Newly built | 2 bedrooms • 2 queen beds | Massage machine",동남권,Entire home/apt,Entire serviced apartment,6.0,2.0,2.0,1.0,53.0,195.68375668092392,32.61395944682065,322.8,53.800000000000004,5.2764998698377985,5.777032936395794
1474966289691585041,"3 minutes to Sinsa Station / Within 10 minutes to Gangnam Station, a prime location for transportation / Plastic surgery / Latest remodeling / Accommodates up to 10 people / 15% discount",동남권,Entire home/apt,Entire rental unit,10.0,3.0,5.0,2.0,34.0,366.55620403478804,36.65562040347881,339.0,33.9,5.904151863006618,5.82600010738045
1441179277466610698,[AC PALACE_2bedroom Family] Newly opened # 5 minutes walk from Yeoksam Station # Long-term stay # Family accommodation,동남권,Entire home/apt,Entire rental unit,3.0,1.0,2.0,1.0,28.0,185.97487073980395,61.99162357993465,328.2,109.39999999999999,5.2256115610364535,5.793623178655991
1658625689664193397,"Free airport pickup | 6 rooms, 2 bathrooms, 8 beds | 2-story detached house | Namsan City view | Dongdaemun Station | Up to 14 people / 6 air conditioners / Parking",도심 핵심권,Entire home/apt,Entire home,13.0,6.0,8.0,2.0,58.0,450.0336230482797,34.617971003713826,335.0,25.76923076923077,6.109322297858189,5.814130531825066
720391897191363149,Small Hanok in Bukchon,도심 핵심권,Entire home/apt,Entire home,2.0,2.0,,1.0,36.0,144.76410402255036,72.38205201127518,138.0,69.0,4.975105548822482,4.927253685157205
1394005219697163975,"Gyeongbokgung Palace, Bukchon Walking Trip/Anguk Station 5 minutes/Bread Pilgrimage/3-person trip",도심 핵심권,Private room,Room in hotel,3.0,1.0,3.0,1.0,37.0,240.22447944368577,80.07482648122858,316.4,105.46666666666665,5.48157381720786,5.757007235893499
1288049257149490750,"[Koriana Hotel] Gwanghwamun, 5 minutes from Gyeongbokgung Palace, 24-hour check-in, safe and clean, deluxe queen",도심 핵심권,Entire home/apt,Room in aparthotel,2.0,1.0,1.0,1.0,28.0,213.9424529024824,106.9712264512412,328.0,164.0,5.365707067187982,5.793013608384144
1440233062203231575,Yunstay Full House｜hongdae｜16 Pax + Rooftop BBQ,서북권,Entire home/apt,Entire guest suite,16.0,6.0,8.0,2.0,36.0,325.372616321827,20.33578852011419,355.0,22.1875,5.7849710373465255,5.872117789475416
661117321109555122,Beautiful accommodation decorated by a designer/Comfortable beds and hotel bedding/,서북권,Entire home/apt,Entire home,10.0,4.0,5.0,2.0,42.0,334.42222673608484,33.442222673608484,322.0,32.2,5.812404346513895,5.7745515455444085
1251039669461884800,Real 4Rooms & 3 Bathrooms &Elevator,서북권,Entire home/apt,Entire rental unit,16.0,4.0,8.0,3.0,6.0,438.14400267589633,27.38400016724352,314.6,19.6625,6.08254762957501,5.751301990624177
31547752,5 min to Hongdae Yeonnam | Hotel | Free Parking,서북권,Hotel room,Room in hotel,2.0,0.0,1.0,1.0,32.0,215.3991837108173,107.69959185540866,328.8,164.4,5.372492975071734,5.7954496631820245
1286652544939715651,On Big sale! Hongik University Station/Yentral Park/free storage/4R&7b&3bath,서북권,Entire home/apt,Entire home,14.0,4.0,7.0,2.5,51.0,420.1094824743757,30.00782017674112,327.6,23.400000000000002,6.040515349866263,5.791793351978915
739372197470261304,"[Rest, 006] Myeongdong ｜ MRT 3 minutes ｜ City center view ｜ High floor ｜ Airport bus ｜ Bidet",도심 핵심권,Entire home/apt,Entire serviced apartment,2.0,1.0,1.0,,37.0,149.40269399293925,74.70134699646962,140.8,70.4,5.006645304617394,4.9473404437239425
1038824410636247148,Peaceful 2BR Studio Near Hongdae with free parking,서북권,Entire home/apt,Entire rental unit,8.0,2.0,4.0,1.0,40.0,169.57123030696746,21.196403788370933,121.2,15.15,5.133273076344549,4.797442073635214
1051831673797472898,Beautiful Hill House in Namsan:,도심 핵심권,Entire home/apt,Entire home,16.0,6.0,8.0,2.0,39.0,455.9072819630339,28.494205122689618,357.6,22.35,6.122289459811802,5.8794150432993595
1536051871369299850,#4-person accommodation#3 minutes from Gangnam Station#Maximum 4 people#Parking available#Free luggage storage#Netflix#Tatami,동남권,Private room,Room in boutique hotel,4.0,,2.0,,27.0,487.7673086055786,121.94182715139465,360.4,90.1,6.189838465507267,5.887214525734183
1635328321203233464,"Specia Juno hair voucher, Koreana Hotel in Central",도심 핵심권,Private room,Room in hotel,2.0,,1.0,,26.0,196.47272034777274,98.23636017388637,326.6,163.3,5.280523593925149,5.788736180536365
1264339386302362119,#10 minutes on foot from Hongik University Station and Airport Railroad#Yeonnam#3R5B#10 people#2 toilets#Terrace#1st floor#Luggage storage,서북권,Entire home/apt,Entire home,10.0,3.0,5.0,2.0,52.0,343.0113693334817,34.30113693334817,368.8,36.88,5.837763593361443,5.910254491682439
985477782392463741,"1F, 5Room 2.5Bath l Private Space, Center of Seoul",도심 핵심권,Entire home/apt,Entire home,11.0,5.0,6.0,3.0,39.0,438.3625691635026,39.85114265122751,353.6,32.14545454545455,6.0830463514309745,5.868166330763488
1489074414532024825,Baekok Piano#Seoul Accommodation#   #Outdoor Jacuzzi# #Bali Style# #Private Villa# #112.5m² (33 pyeong)# #Hanok#,북동 외곽권,Entire home/apt,Entire home,6.0,2.0,3.0,2.0,71.0,445.55652169887503,74.25942028314584,355.0,59.166666666666664,6.09932411136351,5.872117789475416
885742794532723437,"⑦ Hongdae 5BR & 4Bath, elevator, free wifi",서북권,Entire home/apt,Entire rental unit,16.0,5.0,9.0,4.0,38.0,447.09513529485014,27.943445955928134,362.2,22.6375,6.10277140260559,5.892196545449313
1203976755030313431,"DDP / Myeong-dong / Subway line 2,3,4,5,6/ Namsan",도심 핵심권,Entire home/apt,Entire home,4.0,2.0,2.0,1.0,44.0,151.92750985374164,37.98187746343541,119.8,29.95,5.023403498232115,4.785823685681349
1757111820349900183,Cozy Mellow/New Discount/Mapo/Gyeongui Line Forest Road/Hongdae/Airport Railroad/Oliveyoung/Daiso,서북권,Entire home/apt,Entire home,6.0,2.0,4.0,1.0,37.0,117.26468362064361,19.544113936773936,120.6,20.099999999999998,4.764433632923661,4.792479284293085
1705057124864059206,"[New Discount] 5 minutes from Dongdaemun History & Culture Park Station, 3 rooms and 3 bathrooms, family accommodation, Myeongdong, DDP, 1st floor traditional house, airport bus",도심 핵심권,Entire home/apt,Entire home,9.0,3.0,7.0,3.0,25.0,297.7782752253876,33.086475025043065,364.4,40.48888888888889,5.696349166700306,5.898252165385803
1708484006425478261,Gocheok·Guro/Hongdae 30m/Subway·Bus/6 Rooms/22p/Parking,서남권,Entire home/apt,Entire home,16.0,6.0,9.0,3.0,40.0,323.7368844924568,20.23355528077855,350.4,21.9,5.779931100972935,5.859075359062237
1307681299767716145,viLLiv#Free luggage storage#Free cleaning daily#Connected to Chungmuro Station exit#10-minute walk to Myeong-dong#One stop to Dongdaemun Station,도심 핵심권,Entire home/apt,Entire rental unit,3.0,1.0,2.0,1.0,42.0,162.95251653805474,54.31750551268491,369.0,123.0,5.093458848785398,5.910796644040527
